Business Category,Business Name,Business Description,Website,Phone,Address,Email
HEALTH,"MICHELLE CROWLEY , REGISTERED CLINICAL COUNSELLOR",COUNSELLING PRACTICE,,778-847-4357,"820 - 220 BREW ST, PORT MOODY",
RETAIL COMMERCIAL,SHELL - CONVENIENCE STORE,CONVENIENCE STORE,,604-936-0633,"2405 ST JOHNS ST, PORT MOODY",jayant.joshi@ymail.com
HEALTH,PORT MOODY STATION DENTAL,DENTAL OFFICE GENERAL DENTIST,,604-492-0807,"2746 ST JOHNS ST, PORT MOODY",portmoodydental@gmail.com
HEALTH,PORT MOODY STATION DENTAL,DENTAL OFFICE GENERAL DENTIST,,604-492-0807,"2746 ST JOHNS ST, PORT MOODY",portmoodydental@gmail.com
ACCOMMODATIONS,HERITAGE MOUNTAIN HOMESTAY,BED & BREAKFAST,,604-461-7040,"29 HETT CREEK DR, PORT MOODY",kchin56@telus.net
HEALTH,DR. MARK F. CASAFRANCISCO INC.,PEDIATRIC DENTIST @ MONARCH PEDIATRIC DENTAL CENTRE,,604-461-4980,"501 - 205 NEWPORT DR, PORT MOODY",
HEALTH,DR. JILL LOGAN,CLINICAL PSYCHOLOGY,,778-998-5455,"2226 ST JOHNS ST, PORT MOODY",dr.jill.logan@gmail.com
HEALTH,CLEARISH COACHING,Coaching & Counselling - Professional,,,"74 RAVINE DR, PORT MOODY",kleslie@shaw.ca
HEALTH,MARIA FABIANO COUNSELLING SERVICES,COUNSELLOR IN PRIVATE PRACTICE,,778-839-4066,"301 - 220 BREW ST, PORT MOODY",mariafabianocounselling@gmail.com
ENTERTAINMENT,MIDNIGHT CAFE,HOOKAH SHOP,,,"2509 ST JOHNS ST, PORT MOODY",
HEALTH,YUMIN LEE REGISTERED MASSAGE THERAPIST,REGISTERED MASSAGE THERAPY - MOBILE,,604-722-5994,"909 - 660 NOOTKA WAY, PORT MOODY",lauralee.rmt@gmail.com
BEAUTY/ESTHETICS,BEAUTY SECRET SKIN CARE,SKIN CARE/ESTHETICS/SPA,,,"3082 ST JOHNS ST, PORT MOODY",
HEALTH,"EVAN GAIN, RMT",REGISTERED MASSAGE THERAPY @ COASTAL CHIROPRACTIC & WELLNESS,,604-949-0186,"11 - 3130 ST JOHNS ST, PORT MOODY",evangain@hotmail.com
HEALTH,THERAPY PRIVATE PRACTICE,PRIVATE PRACTICE FOR MARRIAGE AND FAMILY THERAPIST,,604-366-5111,"2226 ST JOHNS ST, PORT MOODY",info@janey.ca
FOOD & BEVERAGE,NGB COFFEE HOUSE LTD,COFFEE HOUSE,,604-492-4522,"2500 ST JOHNS ST, PORT MOODY",palmers7004@yahoo.ca
COMMUNITY SERVICES/EDUCATION,KINDER JOY DAYCARE,FAMILY HOME DAYCARE,,778-872-1003,"406 GLENCOE DR, PORT MOODY",
HEALTH,DR. ELSA HUI-DERKSEN INC.,PEDIATRIC DENTIST @ MONARCH PEDIATRIC DENTAL CENTRE,,604-461-4980,"501 - 205 NEWPORT DR, PORT MOODY",
HEALTH,JOANNE WOLF REFLEXOLOGY,CERTIFIED REFLEXOLOGIST - MOBILE SERVICE,,604-354-5656,"1805 - 660 NOOTKA WAY, PORT MOODY",healing.hands.8@outlook.com
INDUSTRIAL,TRI-SHORE YACHT SERVICES LTD,Boat Repair,,604-939-3392,"13 - 850 BARNET HWY, PORT MOODY",
BEAUTY/ESTHETICS,WHITE NAIL BAR,PROVIDING NAIL SERVICES,,604-461-4247,"103 - 3003 ST JOHNS ST, PORT MOODY",
FOOD & BEVERAGE,PIZZA STATION,PIZZA RESTAURANT,,604-469-8448,"2818 ST JOHNS ST, PORT MOODY",afridi01@hotmail.com
HEALTH,MELANIE SCHURR,OFFERING HANDS-ON TREATMENTS @ KUSHALA YOGA,,604-461-9642,"303 - 130 BREW ST, PORT MOODY",www.kushalayoga.com
HEALTH,WESTPRO PHYSIOTHERAPY,PHYSIOTHERAPY CLINIC,,604-767-1262,"1 - 3130 ST JOHNS ST, PORT MOODY",info@westprophysio.com
HEALTH,DR. JENNIFER YEE INC.,PEDIATRIC DENTIST @ MONARCH PEDIATRIC DENTAL CENTRE,,604-461-4980,"501 - 205 NEWPORT DR, PORT MOODY",
HEALTH,POLLY FONG,CLINICAL COUNSELLING SERVICES,,778-775-5649,"301 - 220 BREW ST, PORT MOODY",counsellorpolly@gmail.com
MEDIA/MUSIC/ART,CECILIA MUSIC ACADEMY,MOBILE MUSIC EDUCATION,,604-908-7116,"2705 CLARKE ST, PORT MOODY",fiddler@telus.net
BEAUTY/ESTHETICS,BEAUTYTUDE FACIAL BOUTIQUE @ KUSHALA YOGA,SKIN CARE,,604-461-9642,"303 - 130 BREW ST, PORT MOODY",mybeautytude@hotmail.com
CONTRACTORS,TANGO FLOORING CORP.,flooring,,,"211 CLEARVIEW DR, PORT MOODY",
RETAIL COMMERCIAL,FARO COUNTERTOPS,COMMERCIAL SALE OF COUNTEROPS & CABINETS,,778-387-3148,"3054 ST JOHNS ST, PORT MOODY",
SPORT/RECREATION/TRAVEL,ANTAEAN FENCING CLUB,FENCING CLUB,,778-877-5247,"2805 SPRING ST, PORT MOODY",
COMMUNITY SERVICES/EDUCATION,COM-TECH LEARNING SOLUTIONS INC.,EDUCATIONAL TRAINING PROVIDER,,604-889-2400,"301 - 220 BREW ST, PORT MOODY",accounts@com-techsolutions.com
INDUSTRIAL,ALTAMAR MARINE INC.,Service & Repair of Boats,,604-937-7317,"850 BARNET HWY, PORT MOODY",
HEALTH,STARR COUNSELLING,COUNSELLING SERVICES,,604-352-7737,"301 - 220 BREW ST, PORT MOODY",
BUSINESS SERVICES,SMYTH HOOVER SANDHU,LAW FIRM,,604-942-6560,"301 - 220 BREW ST, PORT MOODY",CONNIE@SMYTHANDCOMPANY.CA
HEALTH,ZEN FLOWER ACUPUNCTURE INC,ACUPUNCTURIST @ HEALING CEDAR WELLNESS,,604-469-1616,"8 - 3130 ST JOHNS ST, PORT MOODY",jennaknight@zenfloweracu.com
AUTOMOTIVE,PORT MOODY WHEEL ALIGNMENT (1994),Auto Wheel Alignment,,604-461-2345,"3227 ST JOHNS ST, PORT MOODY",pmwheel@shaw.ca
BEAUTY/ESTHETICS,PORT MOODY SALON,ESTHETICS,,778-997-4999,"910 CLARKE RD, PORT MOODY",annguyen8510@gmail.com
HEALTH,"DR. TANIA BARTOLO, REGISTERED PSYCHOLOGIST","OFFERING CLINICAL PSYCHOLOGY SERVICES (THERAPY) TO CHILDREN, ADOLESCENTS & THEIR PARENTS",,778-689-1679,"402 - 205 NEWPORT DR, PORT MOODY",info@drtaniabartolo.com
CONTRACTORS,LIGHTZ,MOBILE HEADLIGHT RESTORATION CONTRACTOR,,,"203 - 3002 HENRY ST, PORT MOODY",dusanrstankovic@gmail.com
CONTRACTORS,PURITY CLEANING SERVICES,CLEANING SERVICES TO RESIDENTIAL AND COMMERCIAL LOCATIONS,,778-939-4134,"116 BALMORAL DR, PORT MOODY",raid.agha@gmail.com
CONTRACTORS,BAILEY LANDSCAPE,landscape construction,,,"2201 - 660 NOOTKA WAY, PORT MOODY",baileylandscape.ca
COMMUNITY SERVICES/EDUCATION,JOONI WOOGI ACADEMY,TUTORING FACILITY MAINLY FOCUSING ON SECONDARY STUDENTS,,604-464-6464,"211 - 3003 ST JOHNS ST, PORT MOODY",math38k@gmail.com
FOOD & BEVERAGE,BC TACO,CATERING FOOD TRUCK,,778-839-4478,"12 - 181 RAVINE DR, PORT MOODY",cim@ipalink.net
INDUSTRIAL,AMACO MACHINERY LTD,Custom Machining and Fabricating,,604-469-8711,"2921 MURRAY ST, PORT MOODY",amacomachinery@shawbiz.ca
CONTRACTORS,RUFUS ENTERPRISES LTD,DRYWALL CONTRACTOR.,,604-936-6384,"2229 CLARKE ST, PORT MOODY",rufus@drywallers.com
BEAUTY/ESTHETICS,'OIHANA BEAUTY,MICROBLADING SERVICES @ SUGARING CHANGE,,604-761-2447,"3 - 3130 ST JOHNS ST, PORT MOODY",oihanapmu@gmail.com
CONTRACTORS,Y&L MANAGEMENT INC,IMMIGRATION AGENCY/INTERNATIONAL STUDENT AGENCY,,604-917-0426,"301 - 220 BREW ST, PORT MOODY",stivan@icanstudyabc.com
INDUSTRIAL,SHELL - GAS STATION,GAS STATION,,604-936-0633,"2405 ST JOHNS ST, PORT MOODY",jayant.joshi@ymail.com
BEAUTY/ESTHETICS,EVER AFTER BEAUTY,EVER AFTER BEAUTY,,778-996-7929,"3242 ST JOHNS ST, PORT MOODY",
HEALTH,"DYLANA ELLIOT, RMT",REGISTERED MASSAGE THERAPIST,,604-469--1616,"3130 ST JOHNS ST, PORT MOODY",info@healingcedarwellness.com
FOOD & BEVERAGE,SAKEYA,JAPANESE RESTAURANT,,604-461-1160,"2838 ST JOHNS ST, PORT MOODY",jaehoon5199@gmail.com
HEALTH,BODY ALCHEMY MASSAGE,REGISTERED MASSAGE THERAPIST,,,"210 - 221 IOCO RD, PORT MOODY",
HEALTH,MOOD COUNSELLING,CLINICAL COUNSELLING & SOCIAL WORK,,604-313-7950,"301 - 220 BREW ST, PORT MOODY",moodcounselling@gmail.com
CONTRACTORS,METRO VANCOUVER ENTERPRISES LTD.,CONSTRUCTION CONTRACTOR,,778-829-7350,"116 - 200 WESTHILL PL, PORT MOODY",fernandosandl@gmail.com
BEAUTY/ESTHETICS,MANNY'S BARBER SHOP,BARBER & STYLING,,778-316-6760,"4 - 2929 ST JOHNS ST, PORT MOODY",milanimanny@gmail.com
CONTRACTORS,FARRWEST ELECTRICAL,ELECTRICAL CONTRACTOR,,604-358-2460,"305 - 201 MORRISSEY RD, PORT MOODY",keith@farrwestelectrical.ca
BEAUTY/ESTHETICS,RECONNECT SPA,"SPA SERVICES, MASSAGE, FACIALS & REIKI @ KUSHALA YOGA",,778-554-2763,"303 - 130 BREW ST, PORT MOODY",fiona@reconnectspa.ca
CONTRACTORS,HQ PLUMBING & HEATING,PLUMBING AND HEATING CONTRACTOR,,604-339-7831,"966 CAITHNESS CRES, PORT MOODY",hqplumbingandheating@hotmail.com
FOOD & BEVERAGE,VERA'S BURGER SHACK,VERA'S BURGER SHACK,,604-492-3392,"A - 254 NEWPORT DR, PORT MOODY",
CONTRACTORS,SQUARE ONE MECHANICAL INC.,"PLUMBING, HEATING & GAS FITTING",,604-685-9333,"68 - 2000 PANORAMA DR, PORT MOODY",
BEAUTY/ESTHETICS,CARA MARCO STUDIO,COSMETIC TATTOO SERVICE,,,"3 - 400 CAPILANO RD, PORT MOODY",caramarcostudio@gmail.com
HEALTH,PORT MOODY STATION DENTAL,DENTIST @ PORT MOODY DENTAL,,604-492-0807,"2746 ST JOHNS ST, PORT MOODY",portmoodydental@gmail.com
HEALTH,ALLIED COAST THERAPY,REGISTERED MASSAGE THERAPY AND PHYSIOTHERAPY CLINIC,,604-842-6902,"830 - 220 BREW ST, PORT MOODY",corporate@coasttherapy.ca
FOOD & BEVERAGE,THE BAKERY BREWING COMPANY,SMALL SCALE CRAFT BREWERY - MANUFACTURING BEER & SPIRITS,,604-329-1541,"2617 MURRAY ST, PORT MOODY",dan@thebakerybrewing.com
CONTRACTORS,KAMYAB ELECTRIC LTD,ELECRICAL CONTRACTOR,,604-339-3339,"301 - 220 BREW ST, PORT MOODY",b.rahimi68@yahoo.co.uk
BUSINESS SERVICES,SUMMIT PACIFIC CONSULTING SERVICES LTD,"IMMIGRATION & FOREIGN EDUCATION CONSULTING, VISAS & FOREIGN WORKER ETC",,604-724-6385,"301 - 220 BREW ST, PORT MOODY",summit_consulting@hotmail.com
RETAIL COMMERCIAL,PORT MOODY FLOWERS,FLORAL RETAIL,,,"B - 259 NEWPORT DR, PORT MOODY",
CONTRACTORS,SOS PLUMBING AND HEATING LTD.,PLUMBING AND HEATING SERVICES,,778-858-6700,"505 SAN REMO DR, PORT MOODY",tzrnic@gmail.com
HEALTH,RYU CLINIC INC.,ACUPUNCTURE CLINIC,http://ryu.clinic.com,604-469-2000,"203A - 130 BREW ST, PORT MOODY",info@ryu.clinic.com
COMMUNITY SERVICES/EDUCATION,PASSIONATE LEARNERS ACADEMY (PLA) INC.,TUTORING,,,"301 - 220 BREW ST, PORT MOODY",soroush_azani@yahoo.com
AUTOMOTIVE,FIRST CLASS AUTO BODY,Auto Body,,604-461-4040,"2902 ST JOHNS ST, PORT MOODY",
COMMUNITY SERVICES/EDUCATION,BRIGHTPATH KIDS CORP,EARLY LEARNING & CHILDCARE,,,"2740 ST JOHNS ST, PORT MOODY",
BEAUTY/ESTHETICS,MICHELLE MOERSCH,HAIR STYLIST - SINGLE CHAIR RENTAL,,604-936-4555,"B - 2503 ST JOHNS ST, PORT MOODY",
HEALTH,"BERROW, SHANNON",REGISTERED MASSAGE THERAPIST @ ROCKY POINT WELLNESS CLINIC,,778-228-0179,"2701 CLARKE ST, PORT MOODY",shannon@shannonberrow.com
CONTRACTORS,MOODY ROOFING,ROOFING CONTRACTOR,,604-690-2079,"3357 VIEWMOUNT PL, PORT MOODY",jamiebotsis@yahoo.com
BEAUTY/ESTHETICS,ELYSE COLLIER SHINE HAIR LOUNGE,HAIR STYLIST,,778-355-0866,"2520 ST JOHNS ST, PORT MOODY",
COMMUNITY SERVICES/EDUCATION,SANDY CHILD CARE CENTRE,FAMILY DAYCARE,,778-320-8281,"1 DEERWOOD PL, PORT MOODY",simonzheng2009@hotmail.com
COMMUNITY SERVICES/EDUCATION,COMMUNITY VENTURES SOCIETY,NON PROFIT ORGANIZATION SUPPPORTING PEOPLE WITH DISABILITES & THEIR FAMILIES,,604-939-8070 ext 2021,"2322 ST JOHNS ST, PORT MOODY",
FOOD & BEVERAGE,GALLAGHERS COFFEE BAR & CAFE,COFFEE SHOP,,604-461-4717,"7 - 232 NEWPORT DR, PORT MOODY",
CONTRACTORS,REVITALIZE HOME REPAIR AND RENOVATIONS,HOME RENOVATIONS,,604-345-9413,"38 - 100 KLAHANIE DR, PORT MOODY",RYAN@REVITALIZEYOURHOME.COM
SPORT/RECREATION/TRAVEL,ROCKY POINT DRAGON BOATING,COACHING & TEACHING DRAGON BOAT PADDLING,,,"2715 ESPLANADE ST, PORT MOODY",rockypointdragonboating@gmail.com
CONTRACTORS,ANYTIME DEMOLITION LTD.,DEMOLITION & ASBESTOS REMOVAL,,604-329-6812,"3026 ST GEORGE ST, PORT MOODY",anytime_demolition@hotmail.com
HEALTH,RAY DEVRIES CLINICAL COUNSELLING,CLINICAL COUNSELLING,,604-945-7305,"820 - 220 BREW ST, PORT MOODY",devries1@telus.net
RETAIL COMMERCIAL,SHE SELLS,"SELLING COLLECTIBLES, FURNITURE AND ART",,778-872-0838,"2809 SPRING ST, PORT MOODY",
CONTRACTORS,AGING MY WAY HOME CARE,SENIOR CARE,,604-291-8331,"301 - 2227 ST JOHNS ST, PORT MOODY",info@agingmyway.ca
AUTOMOTIVE,IDRIVE AUTO CREDIT LTD,CAR DEALERSHIP/USED CAR SALES,,604-779-4418,"3239 ST JOHNS ST, PORT MOODY",teresa@idriveautocredit.ca
HEALTH,ROCKY POINT MASSAGE THERAPY,REGISTERED MASSAGE THERAPY - 1 TREATMENT ROOM,,604-970-7003,"204 - 3003 ST JOHNS ST, PORT MOODY",rmtbryan@gmail.com
CONTRACTORS,REALTECH APPLIANCE SERVICE LTD.,APPLIANCE REPAIR,,,"21 - 103 PARKSIDE DR, PORT MOODY",realtechappliances@gmail.com
CONTRACTORS,JENCO CONSTRUCTION,RENOVATION CONTRACTOR,,604-562-5934,"516 APRIL RD, PORT MOODY",jenco.construction@telus.net
CONTRACTORS,BESTWAY MAJOR APPLIANCE REPAIR & SERVICE LTD.,"APPLIANCE REPAIR, SERVICE, AND INSTALLATION",,604-492-1151,"4 - 307 AFTON LANE, PORT MOODY",bestwayma@shaw.ca
CONTRACTORS,TRIPLE C MOVING SERVICES,"MOVING FURNITURE, RESIDENTIAL & OFFICES",,778-889-5561,"2302 - 651 NOOTKA WAY, PORT MOODY",kers1975@yahoo.com
CONTRACTORS,MEDD ENTERPRISES LIMITED,CARPENTRY SERVICES,,604-781-8795,"1033 TUXEDO DR, PORT MOODY",
CONTRACTORS,ROMSTAR ELECTRIC,ELECTRICAL CONTRACTOR,,778-829-2205,"3363 VIEWMOUNT PL, PORT MOODY",romstarelectric@gmail.com
CONTRACTORS,OUTBACK LANDSCAPING & MAINTENANCE,LANDSCAPING AND MAINTENANCE.,,604-724-5659,"483 CULZEAN PL, PORT MOODY",kenmacc@hotmail.com
CONTRACTORS,COLWIN CONNECT LTD.,LOW VOLTAGE ELECTRICAL INSTALLATION AND SERVICE,,604-461-2181,"2829 MURRAY ST, PORT MOODY",
INDUSTRIAL,GREAT WEST WATER COMPANY INC.,water purification,,604-469-1099,"2915 MURRAY ST, PORT MOODY",
INDUSTRIAL,AUTONAV,DESIGN AND SALES OF MARINE EQUIPTMENT,,604-526-0113,"4 - 2609 MURRAY ST, PORT MOODY",paulwagner@hotmail.com
INDUSTRIAL,ARCTIG FABRICATING & WELDING,WELDING-FABRICATION,,604-461-3520,"3006 SPRING ST, PORT MOODY",arctig@gmail.com
CONTRACTORS,LETTER ART NEON LTD,Sign Manufacturer,,604-461-3919,"3202 ST JOHNS ST, PORT MOODY",
CONTRACTORS,SECULO DEVELOPMENT CORPORATION,CONSULTANT FOR NEW HOME DEVELOPMENT PROJECTS,,,"304 - 400 CAPILANO RD, PORT MOODY",greggborsos@gmail.com
CONTRACTORS,ALTITUDE DIGITAL IMAGING LTD.,AERIAL PHOTOGRAPHY,,778-230-2246,"46 SPRUCE CRT, PORT MOODY",
AUTOMOTIVE,DENTS UNLIMITED ENTERPRISES CANADA INCORPORATED,PAINTLESS DENT REMOVAL,,604-469-9545,"87 WILLIAMS ST, PORT MOODY",info@dentsunlimitedcanada.ca
AUTOMOTIVE,MEGA AUTOBODY CLINIC,AUTO BODY REPAIR SHOP,,604-461-8200,"1 - 2822 SPRING ST, PORT MOODY",
CONTRACTORS,TIERRA CONSTRUCTION,HOME RENOVATION AND CONSTRUCTION,,6041-700-4687,"226 CAMBRIDGE WAY, PORT MOODY",ignacio.tierraconstruction@gmail.com
CONTRACTORS,WEST COAST WATER SOLUTIONS (PLUMBING & HEATING),PLUMBING & HEATING COMPANY - COMMERCIAL & RESIDENTIAL,,604-760-3683,"11 PARKGLEN PL, PORT MOODY",tyler@westcoastwatersolutions.ca
CONTRACTORS,HOLIDAY LIGHTS,CONTRACTOR,,604-763-4094,"6 ARROW-WOOD CLOSE, PORT MOODY",
CONTRACTORS,GMR CONSTRUCTION,GENERAL CONTRACTING,,604-374-1290,"130 SHORELINE CIR, PORT MOODY",gmrconstruction@shaw.ca
CONTRACTORS,PROCEM CONTRACTING LTD,CEMENT FINISHING SERVICES - MAIN OFFICE,,604-917-0490,"301 - 220 BREW ST, PORT MOODY",AR@PROCEM.CA
CONTRACTORS,JIM'S MOWING IOCO,RESIDENTIAL YARD MAINTENANCE & LANDSCAPING,,604-461-6996,"18 DOWDING RD, PORT MOODY",ronsamson@hotmail.ca
HEALTH CARE,PAIGE BASSETT REGISTERED MASSAGE THERAPIST,REGISTERED MASSAGE THERAPIST OPERATING OUT OF ALLIED COAST THERAPY,,604-353-9511,"830 - 220 BREW ST, PORT MOODY",paige_star780@hotmail.com
CONTRACTORS,INLET MASONRY,MASONRY CONTRACTOR,,604-771-5706,"224 APRIL RD, PORT MOODY",inletmasonry@shaw.ca
CONTRACTORS,RETLEK SYSTEMS INC.,ENGINEERING CONTRACTING,,604-512-0469,"184 SYCAMORE DR, PORT MOODY",paulheltera@gmail.com
AUTOMOTIVE,IRON HORSE MOTORCAR INC.,AUTO SALES. SPECIALIZING IN CLASSIC/COLLECTOR CARS,,604-299-1551,"42 MARY ST, PORT MOODY",INFO@X-KOTE.COM
CONTRACTORS,DO-TOUT,GENERAL CONTRACTOR/MECHANIC/HOME RENOVATION,,250-634-9822,"115 JACOBS RD, PORT MOODY",cockenpot.jacques@gmail.com
CONTRACTORS,NS TECH,CONTRACTOR FOR TELUS MOBILITY,,604-505-0163,"185 - 908 CLARKE RD, PORT MOODY",nebossa.savatovic@telus.net
CONTRACTORS,SALTIRE CONTRACTING,COMMERCIAL & RESIDENTIAL,,604-783-3313,"45 BEDINGFIELD ST, PORT MOODY",scottfraser1989@gmail.com
AUTOMOTIVE,RELIANCE AUTOMOTIVE REPAIRS LTD,"AUTOMOTIVE REPAIR SERVICES, AND MAINTENANCE",,604-469-2741,"1 - 3005 MURRAY ST, PORT MOODY",relianceautorepairs@gmail.com
AUTOMOTIVE,SHORELINE AUTO LTD,AUTO DEALERSHIP,,604-762-5519,"3239 ST JOHNS ST, PORT MOODY",fred@shorelineauto.ca
CONTRACTORS,TCGC,GENERAL CONTRACTOR FOR COMMERCIAL & RESIDENTIAL,,604-833-9084,"103 - 3136 ST JOHNS ST, PORT MOODY",jacklivesey@shaw.ca
AUTOMOTIVE,VANCOUVER AUTO CREDIT LTD,CAR DEALERSHIP/USED CAR SALES,,604-372-3999,"3239 ST JOHNS ST, PORT MOODY",
AUTOMOTIVE,X-KOTE PAINT RENEWAL SYSTEMS INC.,VEHICLE POLISHING & WAXING,,604-299-2005,"42 MARY ST, PORT MOODY",
INDUSTRIAL,MAXILITE MFG LTD,Lighting Fixture Manufacturers,,604-461-4747,"3006 SPRING ST, PORT MOODY",
CONTRACTORS,AHI HOME MAINTENANCE,HANDYMAN SERVICES,,604-317-0490,"50 FOXWOOD DR, PORT MOODY",ahihomemaintenance@gmail.com
ANIMALS,WC DOGGY CARE PORT MOODY LTD,ANIMAL CARE (DOGGY DAYCARE),,604-936-6662,"2809 MURRAY ST, PORT MOODY",dogtopiaportmoody@gmail.com
MARKETING/COMMUNICATIONS,YES ACQUISITIONS INC.,"SALES RECRUITMENT, TRAINING & DEVELOPMENT COMPANY",,604-202-7192,"609 - 220 BREW ST, PORT MOODY",kyle.zelazny@yesa.ca
BEAUTY/ESTHETICS,THE UPS STORE 248,PERSONAL BUSINESS CENTRE,,604-461-9333,"255 NEWPORT DR, PORT MOODY",store248@theupsstore.ca
RETAIL COMMERCIAL,ELENA'S CUSTOM TAILORING & ALTERATIONS,ALTERATIONS,,604-461-1192,"256 NEWPORT DR, PORT MOODY",elenascustom@gmail.com
ACCOMMODATIONS,"WONG, JEREMY",ROOM RENTALS - AIR B&B,,778-228-8099,"1108 VICTORY DR, PORT MOODY",
SPORT/RECREATION/TRAVEL,AP CANADIAN IMMIGRATION SERVICES,IMMIGRATION CONSULTATION FIRM,,778-997-7464,"301 - 220 BREW ST, PORT MOODY",simimmigration@gmail.com
ACCOMMODATIONS,"HEILY-VAN OS, MARIETTA",SHARED ACCOMMODATIONS,,,"132 RAVINE DR, PORT MOODY",
INDUSTRIAL,MODULAR MINING SYSTEMS CANADA LIMITED,MINE MANAGEMENT SOLUTIONS,,604-468-8715 ext 4124,"810 - 220 BREW ST, PORT MOODY",
ACCOMMODATIONS,AT THE BEACH BED & BREAKFAST,Bed and Breakfast,,604-469-1923,"872 ALDERSIDE RD, PORT MOODY",sytay@atthebeachretreat.com
RETAIL COMMERCIAL,PORT MOODY COIN LAUNDRY,COIN LAUNDRY.,,604-461-3711,"6 - 2929 ST JOHNS ST, PORT MOODY",hdkim7@hotmail.com
ACCOMMODATIONS,WATER-FRONT ROOM,AIR B&B - ROOM RENTALS,,604-525-8839,"746 ALDERSIDE RD, PORT MOODY",ceciliahuang968@gmail.com
CONTRACTORS,METTA PAINTING,PROFESSIONAL HOUSE PAINTING FRANCHISE BUSINESS,,250-208-2550,"1 - 2305 ST JOHNS ST, PORT MOODY",kylerooney@collegepro.com
CONTRACTORS,A.M.J & SONS HOLDINGS AND CONSTRUCTION,GENERAL CONTRACTOR,,778-968-8855,"5 BENSON DR, PORT MOODY",aj@amjconstructionltd.com
CONTRACTORS,EVA'S FOOT CARE,FOOT CARE NURSE,,,"725 APPLEYARD CRT, PORT MOODY",EVAKOTH@HOTMAIL.COM
,CONNECT WITH CC,SENIOR SUPPORT SERVICE - NON-MEDICAL,,,"1916 HIGHVIEW PL, PORT MOODY",connectmewithcc@gmail.com
COMMUNITY SERVICES/EDUCATION,HAPPY KIDS WORLD HOME DAYCARE,HOME DAYCARE - MULTI-AGE,,778-231-5645,"2617 ST GEORGE ST, PORT MOODY",
ACCOMMODATIONS,"LODGE, JAMES H",BED & BREAKFAST,,604-939-2519,"410 GLENCOE DR, PORT MOODY",anjlodge@gmail.com
HEALTH,MALAI GOODING WELLNESS,THAI TRADITIONAL MASSAGE,,604-583-1610,"2340 ST JOHNS ST, PORT MOODY",malaigooding@hotmail.com
CONTRACTORS,ROCK & ROLL DRIVING SCHOOL INC.,DRIVING SCHOOL,,604-469-0116,"1274 IOCO RD, PORT MOODY",wpetrie49@gmail.com
FOOD & BEVERAGE,HANAYUKI SUSHI,JAPANESE RESTAURANT,,778-227-8828,"100 - 221 IOCO RD, PORT MOODY",HANAYUKIRESTAURANT@GMAIL.COM
ACCOMMODATIONS,"LODGE, ISABELLE A",BED & BREAKFAST,,604-939-2519,"410 GLENCOE DR, PORT MOODY",anjlodge@gmail.com
FOOD & BEVERAGE,CAKE - YA,Bakery,,604-939-9911,"3256 ST JOHNS ST, PORT MOODY",
BEAUTY/ESTHETICS,EN FORET BEAUTY HAIR & SPA,HAIR SALON,,604-328-3171,"120 - 221 IOCO RD, PORT MOODY",bbq0694@gmail.com
COMMUNITY SERVICES/EDUCATION,GOOD RELATIONS RESEARCH & CONSULTING,RESEARCHER,,778-779-1720,"6 - 308 HIGHLAND WAY, PORT MOODY",dawnmarsden@yahoo.com
BUSINESS SERVICES,GOLBEY LAW CORPORATION,LAW OFFICE.,http://www.golbey.com,604-800-1629,"2707 CLARKE ST, PORT MOODY",hello@golbey.com
RETAIL COMMERCIAL,VIVE CLOTHING COMPANY,Clothing Store,http://www.vive.boutique.com,604-461-6089,"102 - 205 NEWPORT DR, PORT MOODY",design@vive-clothing.net
CONTRACTORS,MASON ELECTRIC,Home Office,http://www.masonelectric.ca,604-761-4847,"314 VALOUR DR, PORT MOODY",info@masonelectric.ca
BEAUTY/ESTHETICS,SAHM SALON,HAIR SALON,http://www.sahmsalon.com,778-895-1867,"12 - 3130 ST JOHNS ST, PORT MOODY",sahmsalon@outlook.com
HEALTH,SERENITY HOMEOPATHIC CLINIC,HOMEOPATHIC CLINIC.,http://www.serenityhomeopathic.com,604-307-5967,"2226 ST JOHNS ST, PORT MOODY",lucy@serenityhomeopathicclinic.com
CONTRACTORS,CANAMARK PROPERTY SERVICES LIMITED,"Property Services Company, Maintenance/Repairs",http://www.canamark.ca,604-552-2115,"206 - 3190 ST JOHNS ST, PORT MOODY",info@canamark.ca
HEALTH,TRI-CITY ENDODONTICS,DENTAL OFFICE.,http://www.tricityendodontics.ca,604-492-3034,"2726 ST JOHNS ST, PORT MOODY",info@tricityendodontics.ca
CONTRACTORS,ONE STOP SAFETY SERVICES CORPORATION,TRAFFIC CONTROL COMPANY,http://www.onestopsafetyservices.com,778-371-9841,"4 - 99 MORAY ST, PORT MOODY",onestopsafetyservices.com
RETAIL COMMERCIAL,WILLOW AND WALLFLOWER HOME DECOR,RETAIL HOME DECOR,http://www.willowandwallflower.ca,604-939-0769,"2606 ST JOHNS ST, PORT MOODY",willowandwallflower@gmail.com
HEALTH,LEE YUN HEE,Acupuncture & Chinese Medicine,http://www.healinghandschiropractic.ca,604-949-0340,"14 - 3130 ST JOHNS ST, PORT MOODY",hh_frontdesk@hotmail.com
BEAUTY/ESTHETICS,LASHING OUT EYELASH EXTENSIONS,EYELASH EXTENSIONS,http://www.pocolashextensions.com,604-340-3472,"90 KYLE ST, PORT MOODY",lashingout@pocolashextensions.com
BEAUTY/ESTHETICS,NURTURE ESTHETICS & NUTRITION @ INLET WELLNESS,"ESTHETICS - FCIALS, EYELASH & EYEBROW TINTING, WAXING MICROBLADING",http://www.inletwellnessgallery.com,604-939-1059,"2320 CLARKE ST, PORT MOODY",nurtureesthetics@gmail.com
INDUSTRIAL,A-ONE U-LOCK SELF STORAGE,SELF-STORAGE LOCKER FACILITY,http://www.a1ulock.com,,"3190 ST JOHNS ST, PORT MOODY",storage@a1ulock.com
BUSINESS SERVICES,BTM LAWYERS,Law Firm,http://www.btmlawyers.com,604-937-1166,"530 - 130 BREW ST, PORT MOODY",admin@btmlawyers.com
BUSINESS SERVICES,BEVERLEY A RICHARDS INTERIORS,INTERIOR DESIGN.,http://barinteriordesigns.com,604-469-0539,"2 - 3009 MURRAY ST, PORT MOODY",barinteriors@shaw.ca
COMPUTERS/WEB DESIGN,TRADEAMAC.COM,SELL/TRADE/FIX APPLE PRODUCTS & ELECTRONICS,http://www.tradeamac.com,604-729-4909,"2 - 2929 ST JOHNS ST, PORT MOODY",tradeamac604@gmail.com
HEALTH,"CARLY MCLEOD, RMT",REGISTERED MASSAGE THERAPIST @ INBALANCE,http://www.inbalancecare.com,604-492-1182,"210 - 221 IOCO RD, PORT MOODY",inbalancecare@gmail.com
BEAUTY/ESTHETICS,JEFF J HAIR SALON LTD.,Hair Design,http://www.hairsalonportmoody.ca,604-937-0088,"2340 ST JOHNS ST, PORT MOODY",jafar.bardia@gmail.com
ANIMALS,PUPSTART,DOG TRAINER,http://pupstart.dog,604-949-0630,"430 HYCROFT ST, PORT MOODY",info@pupstart.dog
HEALTH,ELAN WELLNESS,ADMINISTRATIVE OFFICE FOR NATURAL PRODUCTS,http://www.elangroup.ca,778-996-1118,"612 - 220 BREW ST, PORT MOODY",info@elangroup.ca
HEALTH,WEST COAST HYPNOTHERAPY,HYPNOTHERAPY SERVICES,http://www.wchypnotherapy.com,604-628-6512,"301 - 220 BREW ST, PORT MOODY",sebastian@wchypnotherapy.com
RETAIL COMMERCIAL,PRISM SECURITY SYSTEMS,SECURITY ALARM SALES AND SERVICE.,http://www.coastpacificalarms.ca,604-461-1866,"2803 MURRAY ST, PORT MOODY",info@coastpacificalarms.ca
HEALTH,RACHEL MOLE RMT,REGISTERED MASSAGE THERAPIST,http://www.healingcedarwellness.com,604-469-1616,"8 - 3130 ST JOHNS ST, PORT MOODY",rachel.molermt@gmail.com
ANIMALS,THE BONE & BISCUIT CO.,NATURAL PET FOOD & SUPPLIES,http://www.theboneandbiscuit.ca,778-484-5350,"A - 265 NEWPORT DR, PORT MOODY",newport@theboneandbiscuit.com
CONTRACTORS,EMARE CONTRACTING INC.,CONTRACTOR,,,"664 FORESTHILL PL, PORT MOODY",AKHORSANDI@HOTMAIL.COM
HEALTH,"SIERRALTA, ANDREA",COUNSELLING/PSYCHOTHERAPY SERVICES,http://www.andreasierralta.ca,604-706-1235,"301 - 220 BREW ST, PORT MOODY",andrea@andreasierralta.ca
RETAIL COMMERCIAL,INLET SEAFOODS LTD,Seafood Store,http://www.inletseafoods.com,604-469-6646,"236 NEWPORT DR, PORT MOODY",inletseafoods@hotmail.com
BEAUTY/ESTHETICS,FALCON ARTISTRY,COSMETIC TATTOOING @ HALCYON COSMETIC SOLUTIONS,http://www.falconartistry.com,604-805-9599,"103D - 101 KLAHANIE DR, PORT MOODY",info@falconartistry.com
RETAIL COMMERCIAL,THE STITCHERY SEWING STUDIO,TECHING SEWING AND TEXTILE DESIGN. SELLING RELEVANT SUPPLIES,http://www.thestitcherystudio.ca,604-492-0508,"80 MARY ST, PORT MOODY",jill@thestitcherystudio.ca
HEALTH,"DR. SHARON GURM ND, INTEGRATED HEALTH LTD",Doctors Office,http://www.portmoodyhealth.com,604-949-0077,"202 - 101 KLAHANIE DR, PORT MOODY",info@portmoodyhealth.com
RETAIL COMMERCIAL,HARRIGAN RENTALS & EQUIPMENT LTD.,Equipment Rentals - Office only,http://www.harriganrentals.ca,604-931-0883,"2 - 2609 MURRAY ST, PORT MOODY",
CONTRACTORS,"BULYCH PLUMBING, HEATING AND GAS SERVICES LTD.",PLUMBING & HEATING CONTRACTOR,http://www.forsafetyssake.ca,604-317-8387,"244 BALMORAL PL, PORT MOODY",danbulych@telus.net
RETAIL COMMERCIAL,MAPLE FLORIST,RETAIL STORE OF FLOWERS,http://www.mapleflorist.com,604-939-5200,"2503 ST JOHNS ST, PORT MOODY",maplefloralgift@gmail.com
HEALTH,TRI-CITIES SEXUAL HEALTH SERVICES,PSYCHOLOGIST.,http://www.loriborotto.com,604-605-6032,"2226 ST JOHNS ST, PORT MOODY",drbrotto@gmail.com
HEALTH,COUNSELLING WORKS PROFESSIONAL COUNSELLING SERVICES,COUNSELOR.,http://www.counsellingworks.ca,604-657-3260,"305 - 2502 ST JOHNS ST, PORT MOODY",counsellingworks@shaw.ca
BEAUTY/ESTHETICS,SINISTER SKIN,TATTOO AND PIERCING STUDIO,http://www.sinisterskintattoos.com,604-931-8272,"A - 2520 ST JOHNS ST, PORT MOODY",sinisterskintattoos@gmail.com
BEAUTY/ESTHETICS,HALCYON COSMETIC SOLUTIONS,"PERMANENT MAKEUP, MEDICAL LASER SKIN & NAIL TREATMENTS",http://www.halcyonlasersolutions.com,604-328-9579,"103D - 101 KLAHANIE DR, PORT MOODY",kelly@halcyonlasersolutions.com
BUSINESS SERVICES,S. KIM LAW OFFICE,GENERAL PRACTICE OF LAW SPECIALIZING IN IMMIGRATION LAW,http://www.skimlaw.ca,604-917-0357,"301 - 220 BREW ST, PORT MOODY",sangjo@hotmail.com
ANIMALS,DOGGY DAY LOVE,"DOG WALKING, DOG PHOTOGRAPHY AND CUSTOM DOG FASHION COMPANY",http://www.doggydaylove.com,604-265-1103,"1/2 - 421 CAMPBELL RD, PORT MOODY",info@doggydaylove.com
BEAUTY/ESTHETICS,MAKE ME OVER,Hair Salon,http://www.makemeoversalonspa.com,604-931-4484,"B - 2503 ST JOHNS ST, PORT MOODY",info@makemeoversalonspa.com
SPORT/RECREATION/TRAVEL,BEACH AVENUE FITNESS,FITNESS.,http://www.beachavenuefitness.com,604-469-2016,"1672 BEACH AVE, PORT MOODY",nonis@telus.net
COMMUNITY SERVICES/EDUCATION,ANDREA BROWN PIANO STUDIO,PIANO LESSONS - PRIVATE ONLY - NO GROUP LESSONS,http://www.andreabrownpiano.net,604-813-1252,"444 CULZEAN PL, PORT MOODY",andrea@andreabrownpiano.net
PROPERTY MGMT/REAL ESTATE,BOLD PROPERTIES (WESTPORT) LIMITED PARTNERSHIP,A SALES FOR OUR LOCAL TOWNHOME DEVELOPMENT,http://www.bold.ca,604-944-8942,"2506 ST JOHNS ST, PORT MOODY",nataliem@bold.ca
HEALTH,MONARCH PEDIATRIC DENTAL CENTRE PORT MOODY,Dental Centre,http://www.monarchdentalcentre.com,604-461-4980,"501 - 205 NEWPORT DR, PORT MOODY",
HEALTH,CLA CONTACT LENS TECHNICIANS LTD.,SPECIALTY CONTACT LENS PRACTICE & OPTICAL STORE,http://www.clacontactlenses.com,604-936-2015,"302 - 2502 ST JOHNS ST, PORT MOODY",clalens@shaw.ca
ACCOMMODATIONS,NATURE'S DOOR BED & BREAKFAST,BED & BREAKFAST,http://www.naturesdoor.ca,778-355-9004,"22 KICKING HORSE WAY, PORT MOODY",here@naturesdoor.ca
PROPERTY MGMT/REAL ESTATE,ROYAL LEPAGE STERLING REALTY,Realty Office,http://www.sterlingrealty.ca,604-421-1010,"801 - 220 BREW ST, PORT MOODY",diana@psr.ca
RETAIL COMMERCIAL,IT'S MY PARTY SHOP LTD,"Rental of Costumes, Party Supplies, Engraving Trophies",http://www.itsmypartyshop.ca,604-931-6040,"2424 ST JOHNS ST, PORT MOODY",contactus@itsmypartyshop.ca
CONTRACTORS,V.A.P. CONSTRUCTION MANAGEMENT GROUP,CONTRACTOR,http://vap.cmgroup@gmail.com,604-939-0730,"126 SHORELINE CIR, PORT MOODY",
INDUSTRIAL,SHEREMETA CUSTOM CABINETS & MILLWORK,Cabinet Maker,http://www.sheremetacustomcabinets.com,604-928-5065,"2911 SPRING ST, PORT MOODY",djs251@hotmail.com
HEALTH,VERACIS WELLNESS,"AROMATHERAPY, MASSAGE, MEDITATION, HEALING, WELLNESS.",http://www.veracis.ca,604-461-5511,"86 MOODY ST, PORT MOODY",info@veracis.ca
SPORT/RECREATION/TRAVEL,712089929BC0001 (9 ROUND),30 MINUTE KICKBOX FITNESS,http://www.9round.com,778-954-9929,"B - 265 NEWPORT DR, PORT MOODY",newportdrportmoodybc@9round.com
SPORT/RECREATION/TRAVEL,YOGA WITH KASIA,Yoga Instructor,http://www.yogawithkasia.com,778-385-1014,"813 COYLTON PL, PORT MOODY",info@yogawithkasia.com
MARKETING/COMMUNICATIONS,EMPTY DESK SOLUTIONS,"MARKETING, SOCIAL MEDIA, GRAPHIC DESIGN",http://www.emptydesksolutions.ca,1-800-898-4472,"301 - 220 BREW ST, PORT MOODY",bhardy@emptydesksolutions.ca
ANIMALS,WHO LET THE DOGS OUT,DOG DAYCARE,http://www.wholetthedogsout.org,778-871-9115,"2806 SPRING ST, PORT MOODY",wholetthedogsout@live.ca
HEALTH,TARYN KNOWLES RMT,REGISTERED MASSAGE THERAPIST,http://www.ingratedhealth.ca,604-725-1210,"2306 ST JOHNS ST, PORT MOODY",tarynrmt@integratedhealth.ca
ANIMALS,FETCH CLUB PET SERVICES,DOG WALKING AND SITTING,http://www.fetchclubpetservices.com,604-290-4469,"2 SIMON FRASER CRT, PORT MOODY",
COMPUTERS/WEB DESIGN,AMG COMPUTING,SOFTWARE DEVELOPER.,http://www.amgcomputing.com,604-603-8721,"306 - 200 CAPILANO RD, PORT MOODY",info@amgcomputing.com
HEALTH,PLAY WORKS PHYSIO,PAEDIATRIC PHYSIOTHERAPY CLINIC - SERVICES FOR CHILDREN 0-18 YEARS,http://www.playworksphysio.com,604-492-3888,"320 - 205 NEWPORT DR, PORT MOODY",maegan@playworksphysio.com
HEALTH,ESPOSITO MASSAGE,Massage Therapy,http://www.espositomassage.com,778-847-4378,"2227 ST JOHNS ST, PORT MOODY",info@espositomassage.com
SPORT/RECREATION/TRAVEL,CAULFIELD SCHOOL OF DANCE,SCHOOL OF DANCE,http://www.caulfield.bc.ca,604-469-9366,"2610 ST JOHNS ST, PORT MOODY",cori@caulfield.bc.ca
RETAIL COMMERCIAL,CURRENT SCIENTIFIC CORPORATION,Sales and Manufacturing of Marine Night Navigation,http://www.currentcorp.com,604-461-5555,"2933 MURRAY ST, PORT MOODY",
HEALTH CARE,"NARI CARRIERE, RMT",REGISTERED MASSAGE THERAPY AT COAST THERAPY,http://www.coasttherapy.ca,604-492-3371,"830 - 220 BREW ST, PORT MOODY",carriere.nari@gmail.com
BANK/FINAN/INSURA,MAHYAR EXCHANGE LTD,CURRENCY EXCHANGE,http://www.mahyarexchange.com,778-551-3430,"301 - 220 BREW ST, PORT MOODY",exchangemahyar@yahoo.com
PROPERTY MGMT/REAL ESTATE,MONET TYLER PERSONAL REAL ESTATE CORPORATION,Realtor,http://www.monettyler.com,604-931-4307,"103 - 101 KLAHANIE DR, PORT MOODY",monet@monettyler.com
HEALTH,EXPRESSIONS COUNSELLING LTD,ONE ON ONE COUNSELLING SERVICES - REGISTERED CLINICAL COUNSELLOR,http://www.expressionscounselling.com,778-229-0029,"301 - 220 BREW ST, PORT MOODY",expressionscounselling@gmail.com
BEAUTY/ESTHETICS,SKINDULGENCE SPA,SPA/SKIN CARE STUDIO,http://www.skindulgencespa.com,778-908-3532,"303 - 2227 ST JOHNS ST, PORT MOODY",skindulgence@hotmail.com
RETAIL COMMERCIAL,PORT MOODY REFILLERY,ECO-FREIDNLY SOAPS & CLEANERS. REFILLS AVAILABLE. OPERATING OUT OF PAPER & NOOK,http://www.portmoodyrefillery.com,604-492-0101,"229 NEWPORT DR, PORT MOODY",hello@portmoodyrefillery.com
HEALTH,DR. MASOUMEH NOURI INC.,DENTAL OFFICE.,http://www.ariaperioimplant.com,604-931-7212,"205 - 2502 ST JOHNS ST, PORT MOODY",office@ariaperioimplant.com
FOOD & BEVERAGE,YELLOW DOG BREWING COMPANY,BREWERY.,http://www.yellowdogbrew.com,604-492-0191,"1 - 2817 MURRAY ST, PORT MOODY",mike@yellowdogbrew.com
FOOD & BEVERAGE,CAFFE DIVANO,COFFEE SHOP.,http://www.caffedivano.ca,778-355-3304,"101 - 101 KLAHANIE DR, PORT MOODY",info@caffedivano.ca
HEALTH CARE,HAROLD KEECH REGISTERED MASSAGE THERAPIST,COAST THERAPY - REGISTERED MASSAGE THERAPIST,http://www.coasttherapy.ca,604-492-3370,"830 - 220 BREW ST, PORT MOODY",haroldkeech.rmt@gmail.com
HEALTH,PORT MOODY EYE CARE CENTRE,Eye Care Centre,http://www.eyes.bc.ca,604-469-8428,"260 - 221 IOCO RD, PORT MOODY",pomoeyes@gmail.com
BUSINESS SERVICES,CATAPULT STRATEGY INC.,STRATEGY AND INNOVATION CONSULTING,http://www.catapultstrategy.com,778-996-2099,"391 OXFORD DR, PORT MOODY",mjanower@catapultstrategy.com
PROPERTY MGMT/REAL ESTATE,RGN MANAGEMENT LIMITED PARTNERSHIP,REGUS OFFERS FLEXIBLE BUSINESS SOLUTIONS,http://www.regus.ca,604-917-0400,"301 - 220 BREW ST, PORT MOODY",britishcolumbia.portmoody@regus.com
RETAIL COMMERCIAL,AYMAN JALLOUL PHARMACY LTD DBA SDM2244,RETAIL STORE,http://www.shoppersdrugmart.ca/en/store-locator/store/2244,604-461-4030,"3215 ST JOHNS ST, PORT MOODY",asdm2244@shoppersdrugmart.ca
RETAIL COMMERCIAL,TEA & PAPER NOOK,TEA HOUSE.,http://www.sokotea.com,604-492-0101,"229 NEWPORT DR, PORT MOODY",hello@teapapernook.com
RETAIL COMMERCIAL,BELLISSIMA,CLOTHING STORE.,http://www.bellissimafashions.com,604-461-4685,"101 - 205 NEWPORT DR, PORT MOODY",PAT@BELLISSIMAFASHIONS.COM
CONTRACTORS,ECO-PACIFIC LANDSCAPING,Lawn and Garden Maintenance and Landscaping,http://www.ecopacificlandscaping.com,778-355-4434,"130 BUCKINGHAM DR, PORT MOODY",office@ecopacificlandscaping.com
RETAIL COMMERCIAL,CREATIVE CHILDREN FURNITURE AND ART SUPPLIES LTD.,CHILDRENS FURNITURE AND ART SUPPLIES.,http://www.creativechildren.ca,604-469-6403,"6 - 3005 MURRAY ST, PORT MOODY",service@creativechildreneducational.com
CONTRACTORS,MARCRAFT HOMES LTD,GENERAL CONTRACTOR.,http://www.marcrafthomes.com,604-461-2560,"212 - 3190 ST JOHNS ST, PORT MOODY",lisa@marcrafthomes.com
HEALTH,NEXT BITE NUTRITION COACHING,HOLISTIC NUTRITION CONSULTING,http://www.nextbitenutritioncoaching.com,604-759-0049,"2701 CLARKE ST, PORT MOODY",nextbitecoach@gmail.com
HEALTH,AAROMA FLOW HEALING,HEALTH & WELLNESS COACHING,http://www.cassedicarlsen.wixsite.com/wellness,778-984-3421,"2325 ST JOHNS ST, PORT MOODY",cassedicarlsen@gmail.com
BEAUTY/ESTHETICS,FOUNTAIN OF YOUTH SKINCARE,"HAIR REMOVAL, SKIN REJUVENATION & TEETH WHITENING @ SORA HAIR DESIGN",http://www.fountainofyouthskincare.ca,604-760-0063,"2 - 3130 ST JOHNS ST, PORT MOODY",fountainofyouthskincare2015@gmail.com
BEAUTY/ESTHETICS,MODE VIE SALONS INC.,BEAUTY HAIR AND SPA.,http://www.equisitecutandfashion.com,604-461-3433,"120 - 221 IOCO RD, PORT MOODY",exquisitehairandspa@shaw.ca
SPORT/RECREATION/TRAVEL,VELA ACADEMY OF MOVEMENT INC,DANCE STUDIO FOR ALL AGES AND ABILITIES,http://www.velamovement.com,778-355-0835,"3198 ST JOHNS ST, PORT MOODY",info@velamovement.com
HEALTH,DR. JULIANA NEGREIROS PSYCHOLOGY,REGISTERED PSYCHOLOGIST,http://www.drjuliana.ca,778-230-5227,"2226 ST JOHNS ST, PORT MOODY",dr.juliana.negreiros@gmail.com
RETAIL COMMERCIAL,AURIFEX JEWELLERS,CUSTOM JEWELLERY AND REPAIR,http://www.aurifex.ca,604-461-5287,"210 - 3003 ST JOHNS ST, PORT MOODY",info@aurifex.ca
COMMUNITY SERVICES/EDUCATION,TRI-CITY COMMUNITY MONTESSORI,DAYCARE.,http://www.tricitycommunitymontessori.ca,604-461-7505,"275 APRIL RD, PORT MOODY",tricitycommunitymontessori@shaw.ca
COMMUNITY SERVICES/EDUCATION,KINDER KAMPUS CHILDREN'S SERVICES OF BC,DAYCARE.,http://www.kinderkampus.ca,604-461-2268,"103 - 300 PANORAMA PL, PORT MOODY",heritagemountain2@kinderkampus.ca
HEALTH,"TAYLOR JOHNSON, RMT",REGISTERED MASSAGE THERAPY,http://www.inbalancecare.com,604-492-1182,"210 - 221 IOCO RD, PORT MOODY",inbalancecare@gmail.com
AUTOMOTIVE,TALISMAN EXCEL TIRE LTD,Auto and Truck Services/Tire Sales,http://www.talismanexceltire@gmail.com,604-936-3111,"2625 ST JOHNS ST, PORT MOODY",
MEDIA/MUSIC/ART,BUTTER MEDIA INC.,MEDIA.,http://www.butterstudios.ca,604-782-6460,"5 - 3009 MURRAY ST, PORT MOODY",info@butterstudios.ca
BUSINESS SERVICES,GEOADVICE ENGINEERING INC.,Engineers,http://www.geoadvice.com,604-931-0550,"204 - 2502 ST JOHNS ST, PORT MOODY",sandy@geoadvice.com
BUSINESS SERVICES,KUBER BUSINESS CONSULTANTS LTD,BUSINESS CONSULTING TO SMALL BUSINESSES,http://WWW.KUBERBIZ.CA,604-492-1302,"202 - 3003 ST JOHNS ST, PORT MOODY",SID@KUBERBIZ.CA
HEALTH,MINT DENTAL,DENTAL OFFICE.,http://www.mintdental.ca,604-939-3368,"2609 ST JOHNS ST, PORT MOODY",info@mintdental.ca
COMPUTERS/WEB DESIGN,REDSTAMP,REDSTAMP IS A WEB SITE DESIGN & DIGITAL MARKETING SERVICE,http://www.redstamp.com,604-282-7834,"825 - 220 BREW ST, PORT MOODY",kelso@redstamp.ca
CONTRACTORS,ECOHAZMAT (LEGAL 1001107 BC LTD),"ENVIRONMENTAL CONSULTING - ASBESTOS, LEAD & MOULD",http://echohazmat.ca,,"1 - 2611 JANE ST, PORT MOODY",jessica@ecohazmat.ca
HEALTH,HELPING HANDS COUNSELLING,PRIVATE COUNSELLING SERVICES @ ADVANCED HEALING ARTS,http://www.helpinghandscounselling.com,604-313-8512,"201 - 2615 ST JOHNS ST, PORT MOODY",helpinghandscounselling@shaw.ca
ANIMALS,WALKIES DOG WALKING SERVICES,Dog Walking Service,http://www.walkies.ca,604-318-2990,"483 AILSA AVE, PORT MOODY",cindy.walkies@gmail.com
RETAIL COMMERCIAL,BACKYARD BIRD CENTRE,ART/HOBBY/FLORAL/GIFT.,http://www.backyardbird.ca,778-216-9645,"249 NEWPORT DR, PORT MOODY",randy@backyardbird.ca
FOOD & BEVERAGE,MEGA DONAIRE,DONAIRE RESTAURANT.,http://www.megadonair.com,778-355-1444,"912 CLARKE RD, PORT MOODY",r.m.jafary@gmail.com
ENTERTAINMENT,PARADIZ TEAHOUSE AND HOOKAH LOUNGE,Teahouse and Hookah Lounge,http://www.paradizteahouse.com,604-724-7235,"COMPLEX - 99 MORAY ST, PORT MOODY",alihafezbc@yahoo.ca
BEAUTY/ESTHETICS,PIN UP HAIR BOUTIQUE,SINGLE CHAIR SALON.,http://www.pinuphairboutique.ca,604-626-2764,"775 APPLEYARD CRT, PORT MOODY",pinuphairboutique@gmail.com
COMMUNITY SERVICES/EDUCATION,KINDER KAMPUS CHILDREN'S SERVICES OF BC LTD,DAYCARE.,http://www.kinderkampus.ca,604-461-2266,"200 PANORAMA PL, PORT MOODY",heritagemountain@kinderkampus.ca
HEALTH,ST JOHNS HEALTH & WELLNESS,PSYCHOLOGIST.,http://www.stjohnshealth.ca,604-461-1777,"2226 ST JOHNS ST, PORT MOODY",caroleanderson@shaw.ca
ANIMALS,PAW CARE (DOG WALKING & MOBILE PET SITTING),DOG WALKING/MOBILE PET SITTING,http://www.pawcare.ca,778-242-3362,"1 BUCKHORN PL, PORT MOODY",13kennedycolton@gmail.com
HEALTH,SUTER BROOK DENTAL GROUP,DENTAL OFFICE,http://www.suterbrookdentalgroup.com,604-469-8522,"11 - 121 BREW ST, PORT MOODY",info@suterbrookdentalgroup.com
HEALTH,DR. ALEXANDRA CARTER PSYCHOLOGY INC.,REGISTERED PSYCHOLOGIST,http://www.drcarter.ca,604-719-4808,"2226 ST JOHNS ST, PORT MOODY",info@drcarter.ca
CONTRACTORS,HUSKY ALARM INTEGRATION LTD,"INSTALLATION, MONITORING AND SERVICE OF SECURITY SYSTEM, CAMERAS, INTERCOMS AND SOUND SYSTEMS",http://www.huskyalarm.com,604-939-1307,"936 CAITHNESS CRES, PORT MOODY",finance@huskyalarm.com
HEALTH,INLET COMMUNITY BIRTH PROGRAM LTD,MATERNITY/HEALTHCARE CLINIC,http://www.inletbirth.ca,778-355-9596,"306 - 2502 ST JOHNS ST, PORT MOODY",info@inletbirth.ca
HEALTH,COLIN HARRIS @ ADVANCED HEALING ARTS,CRANIOSACRAL THERAPY,http://www.advancedhealingarts.ca,604-939-4325,"201 - 2615 ST JOHNS ST, PORT MOODY",
HEALTH,KIRSTEN MOTH COUNSELLING,COUNSELLING,http://www.kirstenmoth.com,,"301 - 220 BREW ST, PORT MOODY",kirstensherlock@hotmail.com
HEALTH,AYMAN JALLOUL PHARMACY LTD DBA SDM2244,PHARMACY,http://www.shoppersdrugmart.ca/en/store-locator/store/2244,604-461-4030,"3215 ST JOHNS ST, PORT MOODY",asdm2244@shoppersdrugmart.ca
CONTRACTORS,1ST IMPRESSIONS HOME SERVICES,LANDSCAPER,http://www.1stimpressionshomeservices.com,604-992-3783,"1 BIGNALL BAY, PORT MOODY",impressed@shaw.ca
MEDIA/MUSIC/ART,CLIVE TUCKER CERAMICS,"CERAMICS, POTTERY & ART",http://www.clivetuckerceramics.ca,604-505-4654,"D - 2605 MURRAY ST, PORT MOODY",clivetucker@shaw.ca
HEALTH,ROCKY POINT PHYSIOTHERAPY,PHYSIOTHERAPY SERVICES,http://www.rockypointphysio.ca,604-512-1594,"2739 MURRAY ST, PORT MOODY",bradthephysio@shaw.ca
RETAIL COMMERCIAL,LIBERATE YOUR TRUE SELF,RETAIL STORE/SPIRITUAL PRACTIONER,http://www.libertaeyourtrueself.com,778-668-6750,"7 - 2226 CLARKE ST, PORT MOODY",info@liberateyourtrueself.com
RETAIL COMMERCIAL,SHAPOUR'S TAILORING & ALTERATIONS,TAILORING & ALTERATIONS.,http://www.shapourstailoring.com,604-492-0733,"3262 ST JOHNS ST, PORT MOODY",shapourtailoringandalterations@gmail.com
SPORT/RECREATION/TRAVEL,TRANSCENDING MARTIAL ARTS INC.,MARTIAL ARTS.,http://www.bcmartialarts.com,604-469-0207,"2827 SPRING ST, PORT MOODY",tmaonline@gmail.com
COMMUNITY SERVICES/EDUCATION,PORT MOODY MATH & READING CENTRE INC.,KUMON CENTRE,http://www.kumon.com,778-731-0505,"340 - 221 IOCO RD, PORT MOODY",deniodilascio@ikumon.com
BUSINESS SERVICES,CONTRERAS LAW,LAW OFFICE,http://www.contreraslaw.ca,604-917-0473,"301 - 220 BREW ST, PORT MOODY",johann@contreraslaw.ca
SPORT/RECREATION/TRAVEL,BODY MATTERS - MOBILE FITNESS TRAINER FOR THE 50+,MOBILE PERSONAL TRAINER FOR THE 50+ WOMAN,http://www.bodymattersfitness.ca,778-928-6088,"1033 CLARKE RD, PORT MOODY",lisabodymatters@gmail.com
BUSINESS SERVICES,PARK REAL ESTATE LAW OFFICE,LAW OFFICE,http://www.parkrealestatelawoffice.com,604-492-1278,"3252 ST JOHNS ST, PORT MOODY",info@parkrealestatelaw.com
COMPUTERS/WEB DESIGN,ETORON TECHNOLOGIES INC,DIGITAL ADVERTISING SYSTEM SOLUTIONS PROVIDER,http://www.en.etoron.com,604-998-8610,"206 - 3190 ST JOHNS ST, PORT MOODY",info@etoron.com
ANIMALS,NEWPORT VILLAGE ANIMAL HOSPITAL,ANIMAL HOSPITAL/VETERINARY CLINIC,http://www.newportvets.ca,604-492-3900,"276 NEWPORT DR, PORT MOODY",vetsnewport@gmail.com
RETAIL COMMERCIAL,PINBALL ALLEY VINTAGE,VINTAGE CLOTHING AND COLLECTIBLES.,http://www.facebook.com/pinballalley,604-492-1732,"2608 ST JOHNS ST, PORT MOODY",pinballalleyvintage@yahoo.ca
HEALTH,"DR. ASHLEY DAMM, ND",NATUROPATHIC DOCTOR @ PORT MOODY HEALTH,http://www.portmoodyhealth.com,778-227-1661,"202 - 101 KLAHANIE DR, PORT MOODY",drdamm@portmoodyhealth.com
BEAUTY/ESTHETICS,SALT CAVE WELLNESS CENTRE INC.,SALT THERAPY TO TREAT RESPIRATORY & SKIN CONDITIONS,http://www.saltcavewellness.com,604-492-3833,"2619 ST JOHNS ST, PORT MOODY",info@saltcavewellness.com
SPORT/RECREATION/TRAVEL,WEST COAST GOJUKAI KARATE,MARTIAL ARTS SCHOOL,http://www.gojukai-bc.ca,778-355-4658,"2 - 99 MORAY ST, PORT MOODY",shihan@gojukai-bc.ca
SPORT/RECREATION/TRAVEL,TRI-CITY FENCING ACADEMY,OLYMPIC SPORT TRAINING SERVICES,http://www.tri-cityfencing.com,604-506-1356,"112 GREENLEAF CRT, PORT MOODY",brad@tri-cityfencing.com
CONTRACTORS,LAMBERT'S MOVING LTD,Moving Company,http://www.lambertsmoving.com,604-552-1921,"707 APPLEYARD CRT, PORT MOODY",office@lambertsmoving.com
COMMUNITY SERVICES/EDUCATION,EYE LEVEL LEARNING PORT MOODY,AFTER SCHOOL LEARNING CENTER FOR KIDS FROM 5-14 YEARS OLD,http://www.eyelevelportmoody.com,778-686-5861,"207 - 3190 ST JOHNS ST, PORT MOODY",portmoody@myeyelevel.com
COMMUNITY SERVICES/EDUCATION,STEPPING 4 WORDS LEARNING CENTER LTD.,TUTORING.,http://www.stepping4words.com,604-837-2459,"L1 - 2227 ST JOHNS ST, PORT MOODY",info@stepping4words.com
COMPUTERS/WEB DESIGN,CLICKRIGHT COMPUTER SOLUTIONS,COMPUTER REPAIRS AND UPGRADES.,http://www.clickright.ca,778-355-8000,"5 - 2402 ST JOHNS ST, PORT MOODY",ben@clickright.ca
SPORT/RECREATION/TRAVEL,30 MINUTE HIT,FITNESS STUDIO.,http://www.30minutehit.com,604-628-0068,"3012 ST JOHNS ST, PORT MOODY",portmoody@30minutehit.com
AUTOMOTIVE,PORT MOODY AUTO & AIR,Auto Repair,http://www.portmoodyautorepair.com,604-461-7856,"85 MORAY ST, PORT MOODY",portmoodyrad@telus.net
BEAUTY/ESTHETICS,SPA DIVINE AT THE INLET INC,Spa,http://www.spadivine.ca,604-461-4772,"1 - 2806 ST JOHNS ST, PORT MOODY",info@spadivine.ca
RETAIL COMMERCIAL,ELDERBERRY FLORAL AND GIFT INC,ART/HOBBY/FLORAL/GIFT.,http://www.elderberryfloral.ca,604-931-7003,"2601 ST JOHNS ST, PORT MOODY",elderberryinfo@shaw.ca
BUSINESS SERVICES,LAYCO SERVICES INC.,Accounting Services,http://www.laycoservices.com,778-355-8887,"5 - 86 MOODY ST, PORT MOODY",info@laycoservices.com
SPORT/RECREATION/TRAVEL,HONG'S HAPKIDO,MARTIAL ARTS.,http://www.hongshapkido.com,604-720-2600,"2914 ST JOHNS ST, PORT MOODY",kwonpyo@naver.com
AUTOMOTIVE,PORT MOODY RADIATORS,RADIATORS.,http://www.portmoodyradiators.com,604-461-7856,"89 MORAY ST, PORT MOODY",portmoodyrad@telus.net
HEALTH,OPTIMUM FAMILY CHIROPRACTIC INC.,Chiropractor,http://www.optimumfamily.com,778-355-3533,"7 - 121 BREW ST, PORT MOODY",info@optimumfamily.com
HEALTH,INBALANCE WELLNESS CARE,REGISTERED MASSAGE THERAPY,http://www.inbalancecare.com,604-492-1182,"210 - 221 IOCO RD, PORT MOODY",inbalancecare@gmail.com
HEALTH,"GREG JONES, RMT",REGISTERED MASSAGE THERAPY,http://www.gregjonesrmt.com,604-767-1262,"1 - 3130 ST JOHNS ST, PORT MOODY",gregjones_rmt@me.com
HEALTH,DR. H. UKANI PLASTIC SURGERY INC.,Plastic Surgeon,http://www.plasticsurgerybc.ca,604-931-1893,"201 - 2502 ST JOHNS ST, PORT MOODY",
CONTRACTORS,ELEVATE CLEANING & CONCIERGE LTD,MOBILE HOME CLEANING & CONCIERGE,http://www.elevatecleaning.ca,604-360-3775,"505A - 301 MAUDE RD, PORT MOODY",mlconde@telus.net
BUSINESS SERVICES,TEMBO DESIGN INC.,INTERIOR DESIGN.,http://www.tembodesign.com,604-939-2077,"198 CORNELL WAY, PORT MOODY",tembodesign@shaw.ca
CONTRACTORS,NEWPORT DRY DECK,GENERAL CONTRACTOR.,http://www.newportdrydeck.com,604-916-6403,"1050 ALDERSIDE RD, PORT MOODY",kerimckinney@shaw.ca
SPORT/RECREATION/TRAVEL,ORIGINS PARKOUR,PARKOUR GYM - FITNESS CENTRE,http://www.originsparkour.com,604-374-1072,"3 - 2822 SPRING ST, PORT MOODY",rene@originsparkour.com
COMPUTERS/WEB DESIGN,A3 CREATIVE SOLUTIONS,"BRANDING, WEBSITE DESIGN, GRAPHIC DESIGN",http://www.a3creative-solutions.com,778-355-4765,"201 - 3190 ST JOHNS ST, PORT MOODY",info@a3creative-solutions.com
COMPUTERS/WEB DESIGN,HYPERBRIDGE TECHNOLOGY INC,DEVELOPEING DECENTRALIZED PROTOCOLS FOR DEPLOYMENT - BLOCKHUB,http://www.hyperbridge.org,778-919-8615,"301 - 220 BREW ST, PORT MOODY",joe@hyperbridge.org
HEALTH,"DR. LUCAS MACMILLAN, NATUROPATHIC PHYSICIAN",NATUROPATHIC PHYSICIAN,http://www.portmoodyhealth.com,604-949-0077,"202 - 101 KLAHANIE DR, PORT MOODY",drmacmillan@portmoodyhealth.com
RETAIL COMMERCIAL,THE RUNNERS' DEN INC,FOOTWEAR.,http://www.runnersden.ca,604-461-8330,"239 NEWPORT DR, PORT MOODY",info@runnersden.ca
INDUSTRIAL,SC INTEGRATORS INC,INTERNATIONAL FREIGHT FORWARDING SERVICES,http://www.scintegrators.ca,604-318-2522,"301 - 220 BREW ST, PORT MOODY",ruben@scintegrators.ca
BEAUTY/ESTHETICS,DERMATECH ELECTROLYSIS,ELECTROLYSIS.,http://www.dermatechelectrolysis.com,604-461-1351,"B - 2503 ST JOHNS ST, PORT MOODY",taramurray@shaw.ca
ACCOMMODATIONS,MAINSTAY OASIS BED AND BREAKFAST,BED & BREAKFAST,http://www.mainstayoasis.com,604-315-4919,"916 ALDERSIDE RD, PORT MOODY",harbor@mainstayoasis.com
HEALTH,HEALING HANDS CHIROPRACTIC DAN DUBOIS,Chiropractor,http://www.healinghandschiropractic.ca,604-949-0340,"14 - 3130 ST JOHNS ST, PORT MOODY",hh_frontdesk@hotmail.com
SPORT/RECREATION/TRAVEL,ENGINEERED BODIES STRENGTH & CONDITIONING,PERSONAL TRAINING.,http://www.engineeredbodies.ca,604-492-3272,"4 - 2822 SPRING ST, PORT MOODY",info@engineeredbodies.ca
BUSINESS SERVICES,ZENK LAW CORPORATION,LAW OFFICE.,http://www.learnzenk.com,604-949-1655,"610 - 130 BREW ST, PORT MOODY",gwz@learnzenk.com
SPORT/RECREATION/TRAVEL,UPLIFT YOUR VIBE,LIFESTYLE AND FITNESS COACHING AND CONSULTING,http://www.upliftfitnessandlifestyle.com,778-772-8593,"604 - 95 MOODY ST, PORT MOODY",sherinachandra@hotrmail.com
HEALTH,EAGLE RIDGE DENTAL CENTRE,DENTAL OFFICE.,http://www.drstan.ca,604-461-2228,"200 - 221 IOCO RD, PORT MOODY",stan@drstan.ca
HEALTH,PORT MOODY PHYSIOTHERAPY AND SPORTS INJURY,PHYSIOTHERAPY CLINIC,http://www.portmoodyphysiotherapy.com,604-931-7122,"2624 ST JOHNS ST, PORT MOODY",portmoodyphysio@hotmail.com
BANK/FINAN/INSURA,INVIS,MORTGAGE BROKERAGE - OPERATING OUT OF THE MORTGAGE ALLIANCE,http://www.invis.ca,604-532-7400,"310 - 130 BREW ST, PORT MOODY",invis@invis.ca
PROPERTY MGMT/REAL ESTATE,50 ELECTRONIC (RESIDENTIAL) LP,PRESENTATION CENTRE FOR CONDOMINIUM SALES,http://www.50electronic.com,,"50 ELECTRONIC AVE, PORT MOODY",
FOOD & BEVERAGE,FRESHII,FRESHII FRANCHISE RESTAURANT.,http://www.freshii.com,604-942-1940,"7 - 201 MORRISSEY RD, PORT MOODY",suterbrook@freshii.com
BEAUTY/ESTHETICS,CITRUS NAIL LOUNGE LTD.,NAIL SALON.,http://www.citrusnaillounge.com,778-355-4141,"206 NEWPORT DR, PORT MOODY",citrusnail@gmail.com
INDUSTRIAL,ANDERSON PROTOTYPES,Machining and Fabricating,http://www.andersonprototypes.com,778-885-9729,"20 MOUNT ROYAL DR, PORT MOODY",andersonprototypes@gmail.com
ANIMALS,THREE DOG BAKERY,Dog Food and Treats,http://www.threedogportmoody.com,604-318-2160,"11 - 201 MORRISSEY RD, PORT MOODY",threedogvancouver@shaw.ca
AUTOMOTIVE,MAPLE IMPORT JAPAN AUTOMOTIVE INC.,Automotive Repair/New and Used Auto Parts,http://www.mapleimportjapan.com,604-492-3244,"85 WILLIAMS ST, PORT MOODY",mij@mapleimportjapan.com
HEALTH,WESTPORT DENTAL,DENTAL CLINIC,http://westportdental.com,778-355-2772,"611 - 220 BREW ST, PORT MOODY",westportdental2@gmail.com
HEALTH,SUPERDENT,DENTAL LAB,http://www.superdent.ca,604-512-3364,"1 - 86 MOODY ST, PORT MOODY",info@superdent.ca
BUSINESS SERVICES,A-COUNT ON US CONSULTING LTD.,"Accounting, bookkeeping and IT consulting",http://www.a-countonus.ca,778-355-9255,"COMPLEX - 99 MORAY ST, PORT MOODY",info@a-countonus.ca
RETAIL COMMERCIAL,HOMESTEAD FURNITURE INC,HOME FURNISHINGS AND ACCESSORIES,http://www.homesteadfurniturebc.com,604-347-9970,"3058 ST JOHNS ST, PORT MOODY",hsfbc@hotmail.com
HEALTH,BREATHING SPACE COUNSELLING,REGISTERED THERAPEUTIC COUNSELLORS ONLINE & IN PERSON,http://www.breathingspacecounselling.ca,604-379-5079,"1&2 - 2402 ST JOHNS ST, PORT MOODY",info@breathingspacecounselling.ca
BANK/FINAN/INSURA,CONCEPT GROUP FINANCIAL PLANNING LTD,Financial planning,http://www.conceptgroupfinancial.com,604-939-2345,"2222 ST JOHNS ST, PORT MOODY",info@conceptgroupfinancial.com
HEALTH,SHAUNA COXE,INTEGRATIVE BODYWORK AND CORE INTEGRATION THERAPY @ ROCKY POINT WELLNESS,http://www.rockypointwellness.com,778-355-9777,"2701 CLARKE ST, PORT MOODY",shauna@rockypointwellness.com
HEALTH,CORNERSTONES CHIROPRACTIC & COMPLEMENTARY THERAPIES,MULTI-DISCIPLINARY HEALTH CARE OFFICE,http://www.cornerstoneschiropractic.ca,604-931-7797,"305 - 2502 ST JOHNS ST, PORT MOODY",drbtyler@gmail.com
RETAIL COMMERCIAL,VIGOUR HEALTH AND BEAUTY,HEALTH AND WELLNESS PRODUCTS.,http://www.vigourlifestyle.com,604-941-0082,"253 NEWPORT DR, PORT MOODY",alfred.lam@vigourlifestyle.com
GOVERMENT SERVICES,"RICK GLUMAC, MLA",MLA CONSTITUENCY OFFICE,http://www.rickglumac.ca,604-917-0470,"2708 ST JOHNS ST, PORT MOODY",rick.glumac.mla@leg.bc.ca
MEDIA/MUSIC/ART,SPATIAL ART STUDIO,ART STUDIO.,http://www.spatialartstudio.com,604-492-2295,"C - 2415 CLARKE ST, PORT MOODY",info@spatialartstudio.com
CONTRACTORS,CENTRUM HOME COMFORT INC. DBA CENTRUM SOLUTIONS,HVAC/GAS CONTRACTOR,http://www.centrumsolutions.ca,604-492-3476,"301 SEAVIEW DR, PORT MOODY",info@centrumsolutions.ca
ANIMALS,PORT MOODY ANIMAL HOSPITAL,Animal Hospital,http://www.portmoodyanimalhospital.com,,"2 - 2810 ST JOHNS ST, PORT MOODY",
BEAUTY/ESTHETICS,SATIN LASER SPA,MEDISPA/MEDICAL ESTHETICS,http://www.satinlaserspa.com,604-259-2193,"16 - 3130 ST JOHNS ST, PORT MOODY",info@satinlaserspa.com
HEALTH,RAY CLINIC - DR. JENNY YANG,NATUROPATHIC PHYSICIAN,http://www.rayclinic.ca,604-461-7900,"3 - 201 MORRISSEY RD, PORT MOODY",dryang@rayclinic.ca
RETAIL COMMERCIAL,BEYOND THE GRAPE ON PREMISE WINEMAKING LTD.,Winemaking,http://www.beyondthegrape.com,604-461-8891,"3030 ST JOHNS ST, PORT MOODY",info@beyondthegrape.com
FOOD & BEVERAGE,THE GREEN MOUSTACHE,PLANT BASED ORGANIC CAFE,http://www.greenmoustache.com,778-355-9282,"202 NEWPORT DR, PORT MOODY",portmoody@greenmoustache.com
RETAIL COMMERCIAL,WHITE LOTUS DIVINE HEALING,HOLISTIC HEALING & RETAIL STORE,http://www.whitelotusdivinehealing.ca,604-937-5540,"2607 ST JOHNS ST, PORT MOODY",whitelotusdivinehealing@gmail.com
COMMUNITY SERVICES/EDUCATION,BRIGHTPATH PORT MOODY,DAYCARE.,http://www.brightpath.com,604-931-4999,"2750 ST JOHNS ST, PORT MOODY",portmoody@brightpathkids.com
BUSINESS SERVICES,SYNERGYASPEN ENVIRONMENTAL INC,"ENVIRONMENTAL ENGINEERING, SCIENCE AND DRAFTING",http://www.synergyaspen.ca,604-931-1026,"2328 CLARKE ST, PORT MOODY",dgorsic@synergyaspen.ca
COMMUNITY SERVICES/EDUCATION,CHILDGARDEN PRESCHOOL & DISCOVERIES,PRESCHOOL AND SCHOOL AGE GROUP CARE,http://www.childgarden.ca,604-637-9705,"B - 2625 CLARKE ST, PORT MOODY",caren@childgarden.ca
FOOD & BEVERAGE,ORIGINALS CAFE MEXICANO,CAFE.,http://www.originalscafemexicano.com,604-936-9069,"2231 CLARKE ST, PORT MOODY",
BUSINESS SERVICES,ADELE TAGIROVA NOTARY CORPORATION,NOTARY.,http://www.adelenotary.com,604-492-4414,"224 NEWPORT DR, PORT MOODY",adele@adelenotary.com
HEALTH,HEARTQUEST,COUNSELLING,http://www.heartquest.ca,604-818-1771,"16 MERCIER RD, PORT MOODY",
CONTRACTORS,TRI-TECH ELECTRICAL SERVICES LTD,ELECTRICAL CONTRACTOR.,http://www.tri-tech.bc.ca,604-833-7849,"2318 CLARKE ST, PORT MOODY",tri-tech@telus.net
INDUSTRIAL,RSM MANUFACTURING GROUP INC,WHOLESALE DISTRIBUTION OF TRAFFIC SAFETY PRODUCTS & RUBBER PRODUCTS FOR CONSTRUCTION.,http://www.rsmsafety.com,604-449-1628,"A - 3012 MURRAY ST, PORT MOODY",robm@rsmsafety.com
HEALTH,EXCEL PHYSIOTHERAPY,PHYSIOTHERAPY OFFICE.,http://www.excelphysiotherapy.com,604-461-5551,"300 IOCO RD, PORT MOODY",info@excelphysiotherapy.com
HEALTH,JUNIPER COUNSELLING LTD,REGISTERED CLINICAL COUNSELLORS,http://WWW.JUNIPERCOUNSELLING.COM,604-992-6079,"301 - 220 BREW ST, PORT MOODY",KRISTEN@JUNIPERCOUNSELLING.COM
HEALTH,"LEON, ALICE",INDIAN MEDICINE/MASSAGE.,http://www.holamassage.com,604-505-9588,"303 - 130 BREW ST, PORT MOODY",holamassage@gmail.com
CONTRACTORS,BIN86JUNK,JUNK REMOVAL & RECYCLING,http://www.bin86junk.ca,604-259-1386,"176 - 906 CLARKE RD, PORT MOODY",info@bin86junk.ca
RETAIL COMMERCIAL,POLONIA DELI,GROCERY STORE/DELI,http://www.poloniasausagehouse.com,604-721-4062,"3052 ST JOHNS ST, PORT MOODY",poloniasausage@gmail.com
HEALTH,GLORIA CHEUNG PHYSIOTHERAPIST CORP,PHYSIOTHERAPY SERVICES,http://www.gloriacheungphysio.com,604-767-1262,"1 - 3130 ST JOHNS ST, PORT MOODY",glorialaniecheung@gmail.com
COMMUNITY SERVICES/EDUCATION,MILLENNIUM LEARNING ADVANTAGE,Tutoring,http://www.millenniumlearningadvantage.com,,"201 - 2615 ST JOHNS ST, PORT MOODY",millenniumlearning@gmail.com
BANK/FINAN/INSURA,D4 LENDING CORP.,CONSUMER LENDING,http://www.caibc.ca,778-588-6858,"301 - 220 BREW ST, PORT MOODY",info@caibc.ca
CONTRACTORS,A FEW GOOD LADS LABOUR SERVICES LTD,TEMPORARY LABOUR HIRE IN CONSTRUCTION INDUSTRY,http://www.afewgoodlads.com,778-882-9863,"2109 - 660 NOOTKA WAY, PORT MOODY",info@afewgoodlads.com
RETAIL COMMERCIAL,LITTLE GYPSY'S FINE JEWELLERY,JEWELLERY RETAIL.,http://www.littlegypsysfinejewelry.com,604-931-2662,"49 QUEENS ST, PORT MOODY",littlegypsys@shaw.ca
MEDIA/MUSIC/ART,EAST-WEST SCHOOL OF MUSIC,MUSIC LESSONS.,http://www.anna-levy.com,604-936-9752,"34 SHORELINE CIR, PORT MOODY",annalevypiano@gmail.com
HEALTH,CLARITY COUNSELLING SERVICES,PERSONAL COUNSELLING SERVICES - PSYCHOTHERAPY.,http://www.psychologytoday.ca,604-240-7000,"12 PARKWOOD PL, PORT MOODY",trishstreloff@gmail.com
HEALTH,"LYNDA GREEN, RMT",REGISTERED MASSAGE THERAPY,http://www.lgrmt.com,604-330-6797,"172 COLLEGE PARK WAY, PORT MOODY",info@lgrmt.com
HEALTH,MIKE PLEDGE COUNSELLING,FAMILY & PERSONAL COUNSELLING,http://www.mikepledge.ca,604-772-1602,"820 - 220 BREW ST, PORT MOODY",mike@mikepledge.ca
COMMUNITY SERVICES/EDUCATION,KINDER KAMPUS - OLD ORCHARD,DAYCARE.,http://www.kinderkampus.ca,604-461-2233,"LEASE - 646 BENTLEY RD, PORT MOODY",oldorchard@kinderkampus.ca
CONTRACTORS,ASPENRIDGE CONSTRUCTION LTD.,CONTRACTOR,http://www.aspenridge.ca,604-781-0524,"552 LEHMAN PL, PORT MOODY",gary@aspenridge.ca
COMMUNITY SERVICES/EDUCATION,KINDER KAMPUS - PLEASANTSIDE SCHOOL,DAYCARE AND PRE-SCHOOL.,http://www.kinderkampus.ca,604-461-2236,"195 BARBER ST, PORT MOODY",pleasantside@kinderkampus.ca
HEALTH,DREAM DENTAL CENTRE,DENTAL OFFICE,http://www.dreamdentalcentre.ca,604-492-2233,"603 - 220 BREW ST, PORT MOODY",info@dreamdentalcentre.ca
HEALTH,MAXFIT MOVEMENT INSTITUTE INC.,PROFESSIONAL OFFICE.,http://www.maxfitmovement.ca,604-461-6888,"2703 CLARKE ST, PORT MOODY",info@maxfitmovement.ca
AUTOMOTIVE,TRU-LINE AUTOBODY FRAME & WHEEL,AUTOMOTIVE REPAIR SHOP,http://www.trulineauto.com,604-931-4400,"2727 MURRAY ST, PORT MOODY",truline@telus.net
SPORT/RECREATION/TRAVEL,1183716 BC LTD.,MARTIAL ARTS & FITNESS,,778-877-7114,"2920 ST JOHNS ST, PORT MOODY",mmamuaythai2018@gmail.com
RETAIL COMMERCIAL,IGA #71,RETAIL MERCHANT - GROCERY,,604-461-3373,"160 - 221 IOCO RD, PORT MOODY",filomenab@hylouie.com
RETAIL COMMERCIAL,7-ELEVEN STORE #37872,CONVENIENCE STORE,,604-949-0254,"103 IOCO RD, PORT MOODY",BETRILLA.DEES-JOHNSON@7-11.COM
HEALTH,STACEY PHILLIPS,COUNSELLING SERVICES @ ROCKY POINT WELLNESS,,604-461-9642,"2701 CLARKE ST, PORT MOODY",
FOOD & BEVERAGE,THE PARKSIDE BREWERY,BREWERY & RETAIL STORE,,604-790-7782,"2731 MURRAY ST, PORT MOODY",sam@theparksidebrewery.com
HEALTH,DR. RENEE PATENAUDE REGISTERED PSYCH,PSYCHOLOGIST @ ST JOHNS HEALTH & WELLNESS,,604-771-3214,"2226 ST JOHNS ST, PORT MOODY",drrenee@drrenee.ca
HEALTH,SUTER BROOK OPTOMETRY CLINIC,OPTOMETRY CLINIC AND OPTICAL,,604-525-1411,"2 - 101 MORRISSEY RD, PORT MOODY",portmoodyeyecare@gmail.com
RETAIL COMMERCIAL,THE LITTLE BUTCHER,Meat Store,,604-469-9274,"245 NEWPORT DR, PORT MOODY",
HEALTH,COASTAL CHIROPRACTIC & WELLNESS,CHIROPRACTIC OFFICE,,604-949-0186,"11 - 3130 ST JOHNS ST, PORT MOODY",dm_grant@telus.net
BUSINESS SERVICES,GLOBAL STRATAGEM CONSULTING,MARINE OIL SPILL CONSULTING.,,604-313-7871,"557 YALE RD, PORT MOODY",craig@stratagemconsulting.ca
FOOD & BEVERAGE,LITTLE BANGKOK THAI KITCHEN,RESTAURANT,,604-939-9962,"1 - 2335 ST JOHNS ST, PORT MOODY",
BEAUTY/ESTHETICS,REVIVE HAIR & BODY,HAIR & BODY LOUNGE,,604-492-0133,"90 KYLE ST, PORT MOODY",revivemenails@gmail.com
COMMUNITY SERVICES/EDUCATION,THE CLUB,SENIORS DROP IN CENTRE,,604-869-1342,"101 NOONS CREEK DR, PORT MOODY",
COMMUNITY SERVICES/EDUCATION,SHER-NOR HOLDINGS LTD,BEFORE AND AFTER SCHOOL CARE,,604-813-5792,"413 GLENCOE DR, PORT MOODY",morrowgroup@shaw.ca
ANIMALS,DIAMOND IN THE RUFF,Dog Grooming,,604-936-7981,"613 WATERLOO DR, PORT MOODY",whitecliff2@shaw.ca
MEDIA/MUSIC/ART,WEDDING STORY,PHOTOGRAPHER AND GOWN RENTAL,,604-868-3939,"2214 ST JOHNS ST, PORT MOODY",
FOOD & BEVERAGE,ROMER'S,RESTAURANT,,,"7 - 101 MORRISSEY RD, PORT MOODY",
HEALTH,GREEN LIFE ACUPUNCTURE CLINIC,ACUPUNCTURE CLINIC,,778-883-1850,"222 NEWPORT DR, PORT MOODY",greenlifeacuclinic@gmail.com
HEALTH,FARRAH PATRICK,REGISTERED MASSAGE THERAPIST.,,604-812-6207,"2320 CLARKE ST, PORT MOODY",farrah_rmt@hotmail.com
ANIMALS,HEALING PAWS VETERINARY CARE,Veterinarian,,604-461-7297,"102 - 101 KLAHANIE DR, PORT MOODY",admin@healingpawsvet.ca
SPORT/RECREATION/TRAVEL,ORANGETHEORY FITNESS,GROUP FITNESS/PERSONAL TRAINING,,,"11 - 400 CAPILANO RD, PORT MOODY",
BUSINESS SERVICES,CITYSTATE CONSULTING/SILK GALLERY,"Design, Planning and Property Management",,604-816-5399,"2419 CLARKE ST, PORT MOODY",
HEALTH,DENTALOGIC LABORATORIES LTD.,MANUFACTURING OF DENTAL PROSTHESES,,604-492-0276,"2810 SPRING ST, PORT MOODY",jvosorio68@gmail.com
CONTRACTORS,"HI, MRS. PARK",PERSONAL SERVICES,,604-805-8258,"314 - 400 KLAHANIE DR, PORT MOODY",pkmh0611@yahoo.co.kr
MEDIA/MUSIC/ART,MATEO'S MUSIC LESSONS,GUITAR LESSONS.,,604-469-2569,"24 - 241 PARKSIDE DR, PORT MOODY",mateosguitarlesson@gmail.com
HEALTH,ROCKY POINT WELLNESS CLINIC,MULTIDISCIPLINARY WELLNESS CLINIC,,778-355-9777,"2701 CLARKE ST, PORT MOODY",info@rockypointwellness.com
HEALTH,HAYLEY OWENS (AT HEALING CEDAR WELLNESS),NATUROPATHIC PHYSICIAN @ HEALING CEDAR WELLNESS,,604-469-1616,"8 - 3130 ST JOHNS ST, PORT MOODY",drhayleyowens@gmail.com
COMMUNITY SERVICES/EDUCATION,LANGUAGE PASS INTERNATIONAL,EDUCATIONAL SERVICES FOR IMMIGRANTS,,604-417-0009,"777 APPLEYARD CRT, PORT MOODY",VEA0502@GMAIL.COM
HEALTH,TIMBERCREST DENTAL CLINIC,Dental Office,,604-469-1861,"84 TIMBERCREST DR, PORT MOODY",nkahwaji@shaw.ca
BEAUTY/ESTHETICS,MG HAIR SYTLES & DESIGN,HAIRSTYLIST CHAIR RENTAL,,778-558-3483,"2340 ST JOHNS ST, PORT MOODY",MAKLAINE-@HOTMAIL.COM
MEDIA/MUSIC/ART,"MUNRO, ELIZABETH A",MUSIC TEACHER.,,604-937-3117,"1028 GLENAYRE DR, PORT MOODY",lizmunro@telus.net
BANK/FINAN/INSURA,RANGER WEST FINANCIAL AND INSURANCE SERVICES INC.,Financial and Insurance Services,,604-936-2712,"301 - 220 BREW ST, PORT MOODY",
HEALTH,A. KUCA,PSYCHOLOGY SERVICES,,,"468 CULZEAN PL, PORT MOODY",
MEDIA/MUSIC/ART,"MOODY STUDIO, BC SCAPES",Bonsai and Gardening instructor,,604-937-5671,"230 CAMBRIDGE WAY, PORT MOODY",jglover@direct.ca
COMMUNITY SERVICES/EDUCATION,LOVELY FAMILY DAY CARE,DAYCARE.,,604-937-5557,"1476 UNION ST, PORT MOODY",lovelydaycare@hotmail.com
HEALTH,DIAMOND TOOTH STUDIO,"DENTAL SERVICE LAB, REPAIRING DENTURES & ADJUSTMENTS",,604-521-7633,"58 SHORELINE CIR, PORT MOODY",diamondtoothstudio@gmail.com
HEALTH,CUSTOM SLEEP CARE,SLEEP THERAPISTS/CUSTOM SLEEP CARE SOLUTIONS,,778-239-9335,"401 - 290 NEWPORT DR, PORT MOODY",eric@customsleepcare.ca
PROPERTY MGMT/REAL ESTATE,VIDELIA HOLDING INC.,INVESTMENT CORPORATION FOR REAL ESTATE DEVELOPMENT,,778-288-7966,"1115 BARBERRY PL, PORT MOODY",videlia.tt@gmail.com
HEALTH,"DR. S. AMALIA DE WET INC., MD",MEDICAL PRACTIONER @ ROCKY POINT MEDICAL CLINIC,,778-879-2478,"2523 ST JOHNS ST, PORT MOODY",amageo@shaw.ca
SPORT/RECREATION/TRAVEL,MK STUDIO,PERSONAL TRAINING STUDIO @ ULTIMATE FITNESS,,778-863-9063,"3082 ST JOHNS ST, PORT MOODY",
BANK/FINAN/INSURA,SUTER BROOK INSURANCE SERVICES,Insurance Services,,604-469-9355,"162 BREW ST, PORT MOODY",
BUSINESS SERVICES,HOLLIS WEALTH,Financial Planning/Investment Advisory,,604-461-7333,"203 - 101 KLAHANIE DR, PORT MOODY",
FOOD & BEVERAGE,SPACCA NAPOLI,PIZZA RESTAURANT,,604-939-5800,"101 - 2801 ST JOHNS ST, PORT MOODY",dannypero@mac.com
SPORT/RECREATION/TRAVEL,WOORI TOURS,TRAVEL SERVICES.,,604-349-8259,"108 - 3003 ST JOHNS ST, PORT MOODY",mijootour@gmail.com
FOOD & BEVERAGE,SUBWAY,SUBWAY RESTAURANT,,604-461-8069,"6 - 400 CAPILANO RD, PORT MOODY",gary_sull@hotrmail.com
BEAUTY/ESTHETICS,FARIBA MATCHETT,CHAIR RENTAL (HAIR STYLIST),,604-492-0133,"90 KYLE ST, PORT MOODY",
CONTRACTORS,LIMITED EDITION PROTECTION AND SECURITY INC,"EVENT SECURITY, SECURITY PATROL, PRIVATE INVESTIGATION",,604-780-4043,"109 - 3003 ST JOHNS ST, PORT MOODY",info@limitededitionsecurity.com
MEDIA/MUSIC/ART,GRADS BC PHOTOGRAPHY & VIDEO,PHOTOGRAPHY COMPANY - HOME OFFICE,,604-461-3722,"422 IOCO RD, PORT MOODY",info@gradsbc.com
BUSINESS SERVICES,VALUE DRIVERS INC.,ADVISORY SERVICES,,604-374-0267,"39 TIMBERCREST DR, PORT MOODY",don@value-drivers.ca
BEAUTY/ESTHETICS,BLANCA MEDICAL AESTHETICS,MEDICAL AESTHETICS SERVICES - SUGARING CHANGE,,778-833-4816,"3 - 3130 ST JOHNS ST, PORT MOODY",
COMMUNITY SERVICES/EDUCATION,KIDS AT PLAY DAYCARE,BEFORE & AFTER SCHOOL CARE,,604-374-7484,"5 DEERWOOD PL, PORT MOODY",twoliwia@yahoo.ca
FOOD & BEVERAGE,TAPS & TACOS,RESTAURANT,,,"91 MOODY ST, PORT MOODY",
HEALTH,JANELLE LEE REGISTERED MASSAGE THERAPIST,REGISTERED MASSAGE THERAPIST,,604-889-6626,"11 - 3130 ST JOHNS ST, PORT MOODY",JANELLELEE@MAC.COM
HEALTH,DR. PETER Y.K. CHAN INC,Monarch Pediatric Dental Centre,,604-461-4980,"501 - 205 NEWPORT DR, PORT MOODY",
COMMUNITY SERVICES/EDUCATION,BLOCK 8 ACADEMY,BEFORE AND AFTER SCHOOL CARE @ ARTS CENTRE,,778-893-9706,"2425 ST JOHNS ST, PORT MOODY",
COMMUNITY SERVICES/EDUCATION,PUMPKIN PATCH FAMILY DAYCARE,DAYCARE.,,604-931-3901,"1605 GORE ST, PORT MOODY",donnaworoschuk@shaw.ca
HEALTH,EAT FOR LIVING INC.,HOLISTIC NUTRITIONIST,,604-313-6718,"2306 ST JOHNS ST, PORT MOODY",jlloyd@eatforliving.ca
FOOD & BEVERAGE,SUBWAY (423906 BC LTD),SUBWAY RESTAURANT,,604-469-7333,"2 - 2814 ST JOHNS ST, PORT MOODY",bdavies60@hotmail.com
HEALTH,NEWPORT VILLAGE CHIROPRACTIC INC.,Chiropractor,,604-461-2725,"274 NEWPORT DR, PORT MOODY",
FOOD & BEVERAGE,FRESH SLICE PIZZA,PIZZA RESTAURANT,,604-917-0245,"240 NEWPORT DR, PORT MOODY",sam@freshslice.com
RETAIL COMMERCIAL,GABI AND JULES HANDMADE PIES,BAKERY,,604-492-4226,"B - 2302 CLARKE ST, PORT MOODY",lisa@gabiandjules.com
FOOD & BEVERAGE,CASA DOLCE,COFFEE SHOP/CAFE.,,604-461-7888,"252 NEWPORT DR, PORT MOODY",
RETAIL COMMERCIAL,VAPETRUNK COMPANY,ELECTRONIC CIGARETTE RETAIL STORE,,,"7 - 3130 ST JOHNS ST, PORT MOODY",pomovape@gmail.com
BEAUTY/ESTHETICS,HAIRBYMONIKA.Q,SINGLE CHAIR RENTAL - HAIR STYLIST,,,"2520 ST JOHNS ST, PORT MOODY",
HEALTH,ADVANCED HEALING ARTS INC.,Acupuncture/Massage/Chiropractic Office,,604-944-6606,"202 - 2615 ST JOHNS ST, PORT MOODY",
RETAIL COMMERCIAL,HARMONY GOLD LTD.,Art/Hobby/Floral/Gift,,604-824-1066,"6 MOSSOM CREEK DR, PORT MOODY",
BEAUTY/ESTHETICS,ELIZABETH ESTHETICS,Esthetics,,604-469-1974,"710 IOCO RD, PORT MOODY",
FOOD & BEVERAGE,D&D FOOD SERVICES LTD.,PIZZA PICK-UP & DELIVERY,,604-469-8448,"2818 ST JOHNS ST, PORT MOODY",
FOOD & BEVERAGE,HENRY'S KITCHEN LTD. (RESTAURANT),FOOD AND BEVERAGE SERVICES (RESTAURANT),,778-355-8787,"2410 ST JOHNS ST, PORT MOODY",henryskitchen@hotmail.com
HEALTH,EVERGREEN SPEECH & LANGUAGE THERAPY,SPEECH THERAPIST.,,604-315-6468,"2226 ST JOHNS ST, PORT MOODY",arlene@evergreenspeech.com
HEALTH,NEWPORT MEDICAL CLINIC,Doctors Office,,604-461-0016,"100 - 205 NEWPORT DR, PORT MOODY",newportclinic@yahoo.com
FOOD & BEVERAGE,LOUGHEED WONTON RESTAURANT LTD.,Restaurant,,604-939-8833,"2408 ST JOHNS ST, PORT MOODY",sheenazhang7628@gmail.com
BEAUTY/ESTHETICS,SUGARING CHANGE,HAIR REMOVAL WITH SUGAR PASTE,,604-338-3131,"3 - 3130 ST JOHNS ST, PORT MOODY",chantelle@sugaringchange.com
BUSINESS SERVICES,DAVID J HO ARCHITECT INC,Architect,,604-469-9649,"204A - 3003 ST JOHNS ST, PORT MOODY",davidjho@telus.net
BANK/FINAN/INSURA,THE MORTGAGE ALLIANCE COMPANY OF CANADA,Mortgage Professionals,,604-461-3706,"310 - 130 BREW ST, PORT MOODY",lmacleod@mortgagealliance.com
FOOD & BEVERAGE,PANAGO PIZZA,PANAGO PIZZA FRANCHISE,,604-310-0001,"8 - 400 CAPILANO RD, PORT MOODY",
BEAUTY/ESTHETICS,PEP SOAP CO.,HANDMADE SOAP,,,"78 CLIFFWOOD DR, PORT MOODY",hello@pepsoap.com
COMMUNITY SERVICES/EDUCATION,PATHWAY COMMUNITY SERVICES LTD.,ADMINISTATIVE OFFICES FOR SOCIAL SERVICES BUSINESS,,,"2603 ST JOHNS ST, PORT MOODY",
BANK/FINAN/INSURA,"EDWARD D. JONES & CO, L.P.",Financial Consultant,,604-931-6850,"2826 ST JOHNS ST, PORT MOODY",bryan.stark@edwardjones.com
HEALTH,BRITTANY ROBERTSON RMT,REGISTERED MASSAGE THERAPY,,604-813-7982,"11 - 3130 ST JOHNS ST, PORT MOODY",www.bkrmassagetherapy@gmail.com
HEALTH,DR. SHARON ARNOLD & ASSOCIATES,PSYCHOLOGY PRACTICE,,604-464-2627,"610 - 220 BREW ST, PORT MOODY",drsharonarnold@gmail.com
RETAIL COMMERCIAL,VIVA CLOTHING COMPANY,"SELLING CLOTHES, ACCESSORIES, AND SHOES",,604-461-6089,"102 - 205 NEWPORT DR, PORT MOODY",design@vive-clothing.net
HEALTH,"DR. ANNE FEDOROWICZ, R.PSYCH",Registered Psychologist,,,"402 - 205 NEWPORT DR, PORT MOODY",drannef@gmail.com
BEAUTY/ESTHETICS,TOP NAILS & SPA,nail salon,,604-469-6684,"2826 ST JOHNS ST, PORT MOODY",
FOOD & BEVERAGE,WILLY'S GALLEY,RESTAURANT,,778-871-1177,"3 - 850 BARNET HWY, PORT MOODY",
COMMUNITY SERVICES/EDUCATION,MARKEL'S DAYCARE,Daycare,,604-936-8085,"924 GLENACRE CRT, PORT MOODY",madixon@telus.net
RETAIL COMMERCIAL,GREAT CANADIAN ENTERPRISES,ART/HOBBY/FLORAL/GIFT.,,604-469-2522,"2802 ST JOHNS ST, PORT MOODY",GREATCANADIANCOLLECTIBLES@TELUS.NET
HEALTH,DR. JOHN T.W. HUNG INC.,Pediatric Dental Services & Orthodontic Services,,604-461-4980,"501 - 205 NEWPORT DR, PORT MOODY",
BUSINESS SERVICES,TRUST ACCOUNTING & TAX SERVICES,"ACCOUNTING, TAX RETURNS AND BOOK KEEPING",,604-492-3655,"8 - 2402 ST JOHNS ST, PORT MOODY",trustaccounting@hotmail.com
RETAIL COMMERCIAL,MY COLLECTION,LADIES CLOTHING STORE.,,604-461-4651,"258 NEWPORT DR, PORT MOODY",ellen.mycollection@gmail.com
HEALTH,"DR. NATALIE FRANZ, REGISTERED PSYCHOLOGIST",REGISTERED PSYCHOLOGIST @ ST JOHNS HEALTH & WELLNESS CENTRE,,604-999-3689,"2226 ST JOHNS ST, PORT MOODY",nsfranz@shaw.ca
PROPERTY MGMT/REAL ESTATE,SHORELINE REAL ESTATE APPRAISELS LTD,PRODUCES REAL ESTATE APPRAISEL REPORTS,,778-773-1462,"549 IOCO RD, PORT MOODY",bradleycath@gmail.com
BUSINESS SERVICES,"I. IRITANI, CPA, INC.",ACCOUTING - CPA - HOME OFFICE,,604-767-7007,"407 - 285 NEWPORT DR, PORT MOODY",itsukoiritani@gmail.com
COMMUNITY SERVICES/EDUCATION,KIDS AND COMPANY PORT MOODY,CHILD CARE,,604-492-1075,"200 - 220 BREW ST, PORT MOODY",portmoody@kidsandcompany.com
BUSINESS SERVICES,DMAC ACCOUNTING CHARTERED PROFESSIONAL ACCOUNTANT,CHARETERED PROFESSIONAL ACCOUNTING FIRM/PRACTICE,,778-991-3284,"240 - 2227 ST JOHNS ST, PORT MOODY",DAVIN.MACLENNAN@GMAIL.COM
BUSINESS SERVICES,NOVA LAW CORPORATION,PROVISION OF LEGAL SERVICES,,604-800-3306,"207 - 3190 ST JOHNS ST, PORT MOODY",edith@novabc.ca
RETAIL COMMERCIAL,HILLTOP MARKET,RETAIL GROCERY STORE,,604-936-1044,"916 CLARKE RD, PORT MOODY",
BUSINESS SERVICES,SR GIRARDI CONSULTING,Income Tax and Financial Consultant,,604-469-6003,"15 - 3130 ST JOHNS ST, PORT MOODY",taxman46@telus.net
HEALTH,ATLAS STRENGTH HEALTH CORPORATION,CHIROPRACTIC SERVICES,,604-724-0282,"6 - 86 MOODY ST, PORT MOODY",jessicacheungdc@gmail.com
CONTRACTORS,BLUE GRASS CONTRACTING AND RENOVATIONS,HOME RENOVATIONS,,778-836-2818,"103 MAPLE DR, PORT MOODY",kennygtam@gmail.com
BEAUTY/ESTHETICS,HOUSE OF FADES,BARBERSHOP,,,"2504 ST JOHNS ST, PORT MOODY",
COMPUTERS/WEB DESIGN,SMARTDATA SOFTWARE & REPORTING SERVICES INC (SMARTDATA),BUSINESS SOFTWARE CONSULTING SERVICES - REGUS OFFICE,http://smartdata.ca,604-336-6466,"301 - 220 BREW ST, PORT MOODY",office@smartdata.ca
BUSINESS SERVICES,THE NEWPORT GROUP,CHARTERED PROFESSIONAL ACCOUNTANTS,,604-469-1996,"302 - 130 BREW ST, PORT MOODY",george@newportgroup.com
BEAUTY/ESTHETICS,WILDFLOWER BEAUTY BAR INC.,"SPA & ESTHETICS SERVICES: PEDICURES, MANICURES, FACIALS, WAXING",,778-231-6773,"2318 CLARKE ST, PORT MOODY",hello@wildflower-beautybar.ca
HEALTH,ERIKA BARDAL,CHILD & FAMILY THERAPIST,,778-839-2637,"820 - 220 BREW ST, PORT MOODY",erikabardal@gmail.com
BEAUTY/ESTHETICS,EUCALYPTUS SPA INC,MICROBLADING @ J & J HAIR SALON,,604-765-7605,"2340 ST JOHNS ST, PORT MOODY",eucalyptusdentalspa@outlook.com
HEALTH,"ROCKY POINT COUNSELLING, COACHING AND CONSULTING","CLINICAL COUNSELLING, COACHING AND CONSULTING",,604-441-0783,"10 - 2402 ST JOHNS ST, PORT MOODY",
RETAIL COMMERCIAL,HERITAGE DOLLAR STORE,dollar store,,,"140 - 221 IOCO RD, PORT MOODY",
HEALTH,DMN MASSAGE,REGISTERED MASSAGE THERAPIST @ ROCKY POINT WELLNESS,,778-237-5097,"618 - 95 MOODY ST, PORT MOODY",mandala34@hotmail.com
COMMUNITY SERVICES/EDUCATION,BLOCK 8 ACADEMY LTD,childcare,,604-722-6646,"36 SEAVIEW DR, PORT MOODY",cindysepp7@gmail.com
HEALTH,"MAHSA MACKIE, M.D., C.C.F.P.",MEDICAL PRACTITIONER @ ROCKY POINT MEDICAL CLINIC,,,"2523 ST JOHNS ST, PORT MOODY",mhsmck@gmail.com
RETAIL COMMERCIAL,AFRICA TRADING INC,RETAIL SPECIALTY MEAT SALES & MANUFACTURING,,,"1 - 3009 MURRAY ST, PORT MOODY",
BUSINESS SERVICES,CLARKSON LAW CORPORATION,LAW OFFICE,,604-917-0469,"301 - 220 BREW ST, PORT MOODY",bclarkson@bclarkson.org
CONTRACTORS,HANNAH TINNEY REGISTERED MASSAGE THERAPY,REGISTERED MASSAGE THERAPIST,,604-220-6267,"201 - 2615 ST JOHNS ST, PORT MOODY",hannahtinney@hotmail.com
CONTRACTORS,RICK FAORO LANDSCAPING,LANDSCAPING,,604-209-8475,"1310 CAMELLIA CRT, PORT MOODY",rsfaoro@shaw.ca
